Workbook

Sheet 총계
J1: < 2014년 전국 극장 현황 >
N2: 2014. 12. 31 기준
A3: 지역 | B3: 2014년 극장 수 | C3: 2014년 스크린 수 | D3: 2014년 좌석 수 | E3: 2013년 극장 수 | F3: 전년 대비 극장 수 증감수 | G3: 전년 대비 극장 수 증감율 | H3: 2013년 스크린 수 | I3: 전년 대비 스크린 수 증감수 | J3: 전년 대비 스크린 수 증감율 | K3: 폐관 극장 수 | L3: 폐관 스크린 수 | M3: 필름 전용관수 | N3: 디지털 2D 상영관수 | O3: 3D 가능관수 | P3: IMAX 상영관 수 | Q3: 4D 상영관수
A4: 서울 | B4: 76 | C4: 469 | D4: 80334 | E4: 74 | F4: =B4-E4 -> 2 | G4: =(B4-E4)/E4 -> 0.027027027 | H4: 475 | I4: =C4-H4 -> -6 | J4: =(C4-H4)/H4 -> -0.012631579 | K4: 2 | L4: 14 | M4: =서울!I78 -> 0 | N4: 469 | O4: 218 | P4: 3 | Q4: 13
A5: 부산 | B5: 26 | C5: 193 | D5: 34596 | E5: 25 | F5: =B5-E5 -> 1 | G5: =(B5-E5)/E5 -> 0.04 | H5: 183 | I5: =C5-H5 -> 10 | J5: =(C5-H5)/H5 -> 0.054644809 | K5: 1 | L5: 7 | M5: =부산!I28 -> 0 | N5: 193 | O5: 78 | P5: 1 | Q5: 3
A6: 대구 | B6: 20 | C6: 132 | D6: 21187 | E6: 19 | F6: =B6-E6 -> 1 | G6: =(B6-E6)/E6 -> 0.052631579 | H6: 131 | I6: =C6-H6 -> 1 | J6: =(C6-H6)/H6 -> 0.0076335878 | K6: 0 | L6: 6 | M6: =대구!I22 -> 0 | N6: 132 | O6: 58 | P6: 1 | Q6: 1
A7: 인천 | B7: 19 | C7: 124 | D7: 19814 | E7: 17 | F7: =B7-E7 -> 2 | G7: =(B7-E7)/E7 -> 0.11764706 | H7: 111 | I7: =C7-H7 -> 13 | J7: =(C7-H7)/H7 -> 0.11711712 | K7: 0 | L7: 0 | M7: =인천!I21 -> 0 | N7: 124 | O7: 42 | P7: 1 | Q7: 1
A8: 광주 | B8: 14 | C8: 107 | D8: 18145 | E8: 14 | F8: =B8-E8 -> 0 | G8: =(B8-E8)/E8 -> 0 | H8: 107 | I8: =C8-H8 -> 0 | J8: =(C8-H8)/H8 -> 0 | K8: 0 | L8: 0 | M8: =광주!I16 -> 0 | N8: 107 | O8: 32 | P8: 1 | Q8: 2
A9: 대전 | B9: 9 | C9: 61 | D9: 10782 | E9: 9 | F9: =B9-E9 -> 0 | G9: =(B9-E9)/E9 -> 0 | H9: 61 | I9: =C9-H9 -> 0 | J9: =(C9-H9)/H9 -> 0 | K9: 1 | L9: 5 | M9: =대전!I11 -> 0 | N9: 61 | O9: 24 | P9: 1 | Q9: 1
A10: 울산 | B10: 5 | C10: 37 | D10: 6022 | E10: 5 | F10: =B10-E10 -> 0 | G10: =(B10-E10)/E10 -> 0 | H10: 36 | I10: =C10-H10 -> 1 | J10: =(C10-H10)/H10 -> 0.027777778 | K10: 0 | L10: 0 | M10: =울산!I7 -> 0 | N10: 37 | O10: 17 | P10: 1 | Q10: 2
A11: 경기 | B11: 81 | C11: 515 | D11: 80661 | E11: 73 | F11: =B11-E11 -> 8 | G11: =(B11-E11)/E11 -> 0.10958904 | H11: 486 | I11: =C11-H11 -> 29 | J11: =(C11-H11)/H11 -> 0.059670782 | K11: 2 | L11: 15 | M11: =경기!I83 -> 0 | N11: 515 | O11: 192 | P11: 3 | Q11: 6
A12: 강원 | B12: 11 | C12: 65 | D12: 9866 | E12: 9 | F12: =B12-E12 -> 2 | G12: =(B12-E12)/E12 -> 0.22222222 | H12: 62 | I12: =C12-H12 -> 3 | J12: =(C12-H12)/H12 -> 0.048387097 | K12: 0 | L12: 0 | M12: =강원!I13 -> 0 | N12: 65 | O12: 24 | P12: 1 | Q12: 0
A13: 충북 | B13: 10 | C13: 80 | D13: 14048 | E13: 9 | F13: =B13-E13 -> 1 | G13: =(B13-E13)/E13 -> 0.11111111 | H13: 72 | I13: =C13-H13 -> 8 | J13: =(C13-H13)/H13 -> 0.11111111 | K13: 0 | L13: 0 | M13: =충북!I12 -> 0 | N13: 80 | O13: 23 | P13: 0 | Q13: 1
A14: 충남 | B14: 13 | C14: 82 | D14: 11651 | E14: 13 | F14: =B14-E14 -> 0 | G14: =(B14-E14)/E14 -> 0 | H14: 78 | I14: =C14-H14 -> 4 | J14: =(C14-H14)/H14 -> 0.051282051 | K14: 2 | L14: 9 | M14: =충남!I15 -> 0 | N14: 82 | O14: 39 | P14: 0 | Q14: 1
A15: 전북 | B15: 19 | C15: 93 | D15: 14429 | E15: 15 | F15: =B15-E15 -> 4 | G15: =(B15-E15)/E15 -> 0.26666667 | H15: 77 | I15: =C15-H15 -> 16 | J15: =(C15-H15)/H15 -> 0.20779221 | K15: 1 | L15: 4 | M15: =전북!I21 -> 0 | N15: 93 | O15: 33 | P15: 1 | Q15: 0
A16: 전남 | B16: 10 | C16: 63 | D16: 8977 | E16: 8 | F16: =B16-E16 -> 2 | G16: =(B16-E16)/E16 -> 0.25 | H16: 52 | I16: =C16-H16 -> 11 | J16: =(C16-H16)/H16 -> 0.21153846 | K16: 0 | L16: 0 | M16: =전남!I12 -> 0 | N16: 63 | O16: 21 | P16: 0 | Q16: 0
A17: 경북 | B17: 16 | C17: 94 | D17: 15536 | E17: 16 | F17: =B17-E17 -> 0 | G17: =(B17-E17)/E17 -> 0 | H17: 94 | I17: =C17-H17 -> 0 | J17: =(C17-H17)/H17 -> 0 | K17: 0 | L17: 0 | M17: =경북!I18 -> 0 | N17: 94 | O17: 20 | P17: 0 | Q17: 0
A18: 경남 | B18: 21 | C18: 133 | D18: 21927 | E18: 21 | F18: =B18-E18 -> 0 | G18: =(B18-E18)/E18 -> 0 | H18: 128 | I18: =C18-H18 -> 5 | J18: =(C18-H18)/H18 -> 0.0390625 | K18: 1 | L18: 3 | M18: =경남!I23 -> 0 | N18: 133 | O18: 46 | P18: 1 | Q18: 1
A19: 제주 | B19: 6 | C19: 33 | D19: 4386 | E19: 6 | F19: =B19-E19 -> 0 | G19: =(B19-E19)/E19 -> 0 | H19: 31 | I19: =C19-H19 -> 2 | J19: =(C19-H19)/H19 -> 0.064516129 | K19: 0 | L19: 3 | M19: =제주!I8 -> 0 | N19: 33 | O19: 9 | P19: 0 | Q19: 0
A20: 지방 합계 | B20: =SUM(B5:B19) -> 280 | C20: 1812 | D20: 292027 | E20: =SUM(E5:E19) -> 259 | F20: =B20-E20 -> 21 | G20: =(B20-E20)/E20 -> 0.081081081 | H20: =SUM(H5:H19) -> 1709 | I20: =C20-H20 -> 103 | J20: =(C20-H20)/H20 -> 0.060269163 | K20: =SUM(K5:K19) -> 8 | L20: =SUM(L5:L19) -> 52 | M20: =SUM(M5:M19) -> 0 | N20: 1812 | O20: 658 | P20: 12 | Q20: 19
A21: 총계 | B21: =B4+B20 -> 356 | C21: 2281 | D21: 372361 | E21: =SUM(E4:E19) -> 333 | F21: =B21-E21 -> 23 | G21: =(B21-E21)/E21 -> 0.069069069 | H21: =H4+H20 -> 2184 | I21: =C21-H21 -> 97 | J21: =(C21-H21)/H21 -> 0.044413919 | K21: =SUM(K4:K19) -> 10 | L21: =SUM(L4:L19) -> 66 | M21: =M20+M4 -> 0 | N21: 2281 | O21: 876 | P21: 15 | Q21: 32
A23: * 집계 대상 극장은 전국 상설 영화관으로, 특수 목적의 비상설 상영 시설 및 자동차극장은 제외함 (영비법 제2조*상세 하단 참고)
A24: * 기준일 당시 휴관 및 폐관극장은 극장 수 합계에서 제외
A25: * 각 지방자치단체 폐관 신고를 한 극장은 폐관으로 처리함(영비법 제36조*상세 하단 참고)
A26: * 3대 멀티플렉스 내 상호변경은 폐관극장에 포함하지 않음(예_CGV 독산 -> 롯데시네마 독산으로 전환시 CGV 독산은 폐관극장으로 간주하지 않음)
A27: * 개별극장이 3대 멀티플렉스 체인극장으로 전환시에는 폐관극장으로 간주함 (예_씨네위 -> CGV 유성노은으로 전환시 씨네위는 폐관극장으로 간주함)
A29: * 영화 및 비디오물의 진흥에 관한 법률 참고
A30: * 법 제2조(정의) : “영화상영관”은 영리를 목적으로 영화를 상영하는 장소 또는 시설(단, 비상설상영장은 제외함)
A31: * 시행령 제2조(비상설상영장) : 영화상영일수가 120일 이내이고 계속상영기간이 30일 이내인 영화상영 장소 또는 시설
A32: * 법 제36조(영화상영관의 등록) : “영화상영관”은 소재지를 관할하는 시군구에 영화상영관 등록을 하여야 함

Sheet 서울
A1: 번호 | B1: 광역단체 | C1: 기초단체 | D1: 영화관명 | E1: 대기업 운영 여부 | F1: 소재지 | G1: 총 스크린 수 | H1: 총 좌석수 | I1: 필름 전용관수 | J1: 디지털 2D 상영관수 | K1: 3D 가능관수 | L1: IMAX 상영관 수 | M1: 4D 상영관수 | N1: 특별관 운영 여부 | O1: 전화번호(02) | P1: 홈페이지 | Q1: 개관일 | R1: 비고
A2: 1 | B2: 서울시 | C2: 강남구 | D2: CGV 강남 | E2: 직영 | F2: 강남구 강남대로 438 (역삼동 814-6 스타플렉스) | G2: 6 | H2: 874 | I2: =G2-J2 -> 0 | J2: 6 | K2: 4 | L2: 0 | M2: 0 | N2: Sweetbox, ScreenX, Veatbox | O2: 1544-1122 | P2: www.cgv.co.kr | Q2: 39121
A3: 2 | B3: 서울시 | C3: 강남구 | D3: CGV 압구정 | E3: 직영 | F3: 강남구 압구정로 30길 45 (신사동 603-2) | G3: 8 | H3: 1170 | I3: =G3-J3 -> 0 | J3: 8 | K3: 5 | L3: 0 | M3: 0 | N3: Sweetbox, Cine de Chef, CGV 아트하우스, Veatbox | O3: 1544-1122 | P3: www.cgv.co.kr | Q3: 38779
A4: 3 | B4: 서울시 | C4: 강남구 | D4: CGV 청담씨네시티 | E4: 직영 | F4: 강남구 도산대로 323 (신사동 651-21) | G4: 5 | H4: 806 | I4: 0 | J4: 5 | K4: 5 | L4: 0 | M4: 1 | N4: Sweetbox, 4DX, Beats br dr.dre, The Private Cinema, ScreenX, SoundX | O4: 1544-1122 | P4: www.cgv.co.kr | Q4: 40828
A5: 4 | B5: 서울시 | C5: 강남구 | D5: 롯데시네마 씨티(강남) | E5: 위탁 | F5: 강남구 강남대로 422 (역삼동 816-7) | G5: 4 | H5: 719 | I5: =G5-J5 -> 0 | J5: 4 | K5: 2 | L5: 0 | M5: 0 | N5: ~ | O5: 1544-8855 | P5: www.lottecinema.co.kr | Q5: 40696
A6: 5 | B6: 서울시 | C6: 강남구 | D6: 메가박스 코엑스 | E6: 직영 | F6: 강남구 봉은사로 524 코엑스몰 B1 (삼성동 159) | G6: 16 | H6: 3541 | I6: =G6-J6 -> 0 | J6: 16 | K6: 3 | L6: 0 | M6: 0 | N6: Boutique M, M2, 프리미엄 | O6: 1544-0070 | P6: www.megabox.co.kr | Q6: 36659
A7: 6 | B7: 서울시 | C7: 강남구 | D7: 롯데시네마 브로드웨이(신사) | E7: 위탁 | F7: 강남구 도산대로 8길 8 (논현동 3-5) | G7: 5 | H7: 500 | I7: 0 | J7: 5 | K7: 2 | L7: 0 | M7: 0 | N7: 3관 인디플러스 | O7: 1544-8855 | P7: www.lottecinema.co.kr | Q7: 41376 | R7: (구)브로드웨이 극장
A8: 7 | B8: 서울시 | C8: 강남구 | D8: 인디플러스 | E8: ~ | F8: 강남구 도산대로 8길 8 | G8: 1 | H8: 70 | I8: 0 | J8: 1 | K8: 0 | L8: 0 | M8: 0 | N8: ~ | O8: 3447-0650 | P8: www.indieplus.or.kr | Q8: 40652 | R8: 영진위 독립영화전용관
A9: 8 | B9: 서울시 | C9: 강남구 | D9: 조이앤시네마 | E9: ~ | F9: 강남구 압구정로 10길 9 | G9: 1 | H9: 59 | I9: 0 | J9: 1 | K9: 1 | L9: 0 | M9: 0 | N9: ~ | O9: 070-8233-4321 | Q9: 41915
A10: 9 | B10: 서울시 | C10: 강동구 | D10: CGV 강동 | E10: 위탁 | F10: 강동구 성내로 48 (성내동 549-1) | G10: 12 | H10: 1965 | I10: =G10-J10 -> 0 | J10: 12 | K10: 2 | L10: 0 | M10: 0 | N10: ~ | O10: 1544-1122 | P10: www.cgv.co.kr | Q10: 39195
A11: 10 | B11: 서울시 | C11: 강동구 | D11: 롯데시네마 강동 | E11: 위탁 | F11: 강동구 천호옛길 85 (성내동 44-1) | G11: 10 | H11: 1998 | I11: =G11-J11 -> 0 | J11: 10 | K11: 5 | L11: 0 | M11: 0 | N11: ~ | O11: 1544-8855 | P11: www.lottecinema.co.kr | Q11: 39562
A12: 11 | B12: 서울시 | C12: 강북구 | D12: CGV 미아 | E12: 직영 | F12: 강북구 도봉로 34, 9층 (미아동 35-4 트레지오 쇼핑몰 9층) | G12: 6 | H12: 721 | I12: =G12-J12 -> 0 | J12: 6 | K12: 3 | L12: 0 | M12: 0 | N12: Sweetbox, Veatbox | O12: 1544-1122 | P12: www.cgv.co.kr | Q12: 39173
A13: 12 | B13: 서울시 | C13: 강북구 | D13: 메가박스 수유 | E13: 위탁 | F13: 강북구 도봉로 399 (수유동 168-12) | G13: 9 | H13: 1167 | I13: 0 | J13: 9 | K13: 2 | L13: 0 | M13: 0 | N13: ~ | O13: 1544-0070 | P13: www.megabox.co.kr | Q13: 40964
A14: 13 | B14: 서울시 | C14: 강서구 | D14: 롯데시네마 김포공항 | E14: 직영 | F14: 강서구 하늘길 77 롯데몰 (방화동 하늘길 38) | G14: 10 | H14: 2127 | I14: =G14-J14 -> 0 | J14: 10 | K14: 7 | L14: 0 | M14: 1 | N14: 샤롯데, 수퍼4D | O14: 1544-8855 | P14: www.lottecinema.co.kr | Q14: 40865
A15: 14 | B15: 서울시 | C15: 관악구 | D15: 롯데시네마 서울대입구 | E15: 직영 | F15: 관악구 남부순환로 1820 (봉천동 862-1 에그옐로우 10층) | G15: 5 | H15: 676 | I15: 0 | J15: 5 | K15: 2 | L15: 0 | M15: 0 | N15: ~ | O15: 1544-8855 | P15: www.lottecinema.co.kr | Q15: 41272 | R15: (구)메가박스 서울대
A16: 15 | B16: 서울시 | C16: 관악구 | D16: 롯데시네마 신림 | E16: 직영 | F16: 관악구 신림로 330, 10층 (신림동 1641-2 포도몰 10층) | G16: 8 | H16: 1477 | I16: =G16-J16 -> 0 | J16: 8 | K16: 6 | L16: 0 | M16: 0 | N16: ~ | O16: 1544-8855 | P16: www.lottecinema.co.kr | Q16: 39873
A17: 16 | B17: 서울시 | C17: 광진구 | D17: CGV 강변 | E17: 직영 | F17: 광진구 광나루로 56길 85 (구의동 546-4 테크노마트 10층) | G17: 11 | H17: 1663 | I17: =G17-J17 -> 0 | J17: 11 | K17: 5 | L17: 0 | M17: 1 | N17: Sweetbox, 4DX, CGV 아트하우스, ScreenX, Veatbox | O17: 1544-1122 | P17: www.cgv.co.kr | Q17: 35889
A18: 17 | B18: 서울시 | C18: 광진구 | D18: CGV 군자 | E18: 위탁 | F18: 광진구 능동로 289 (군자동 477-12) | G18: 9 | H18: 1197 | I18: 0 | J18: 9 | K18: 0 | L18: 0 | M18: 0 | N18: ~ | O18: 1544-1122 | P18: www.cgv.co.kr | Q18: 40022
A19: 18 | B19: 서울시 | C19: 광진구 | D19: KU 시네마테크 | E19: ~ | F19: 광진구 능동로 120 건국대학요 예술문화대학 B108 (화양동 1번지) | G19: 1 | H19: 152 | I19: =G19-J19 -> 0 | J19: 1 | K19: 0 | L19: 0 | M19: 0 | N19: ~ | O19: 446-6579 | P19: www.kucine.kr | Q19: 40554 | R19: 건국대학교
A20: 19 | B20: 서울시 | C20: 광진구 | D20: 롯데시네마 건대입구 | E20: 직영 | F20: 광진구 아차산로 272 (자양동 227-7번지 스타시티 2층) | G20: 12 | H20: 2134 | I20: 0 | J20: 12 | K20: 8 | L20: 0 | M20: 0 | N20: 샤롯데, 수퍼바이브, 아르떼 | O20: 1544-8855 | P20: www.lottecinema.co.kr | Q20: 39109
A21: 20 | B21: 서울시 | C21: 구로구 | D21: CGV 구로 | E21: 직영 | F21: 구로구 구로중앙로 152 (구로동 573 애경백화점 5층) | G21: 10 | H21: 1830 | I21: =G21-J21 -> 0 | J21: 10 | K21: 5 | L21: 0 | M21: 0 | N21: Sweetbox, CGV 아트하우스, ScreenX, Veatbox | O21: 1544-1122 | P21: www.cgv.co.kr | Q21: 37279
A22: 21 | B22: 서울시 | C22: 구로구 | D22: CGV 신도림 | E22: 위탁 | F22: 구로구 새말로 12층 (구로동 3-25번지 테크노 마트 12층) | G22: 10 | H22: 1486 | I22: =G22-J22 -> 0 | J22: 10 | K22: 3 | L22: 0 | M22: 0 | N22: Sweetbox, Premium | O22: 1544-1122 | P22: www.cgv.co.kr | Q22: 39401
A23: 22 | B23: 서울시 | C23: 구로구 | D23: 롯데시네마 신도림(디큐브) | E23: 직영 | F23: 구로구 경인로 662 디큐브시티 7층 (신도림동 692) | G23: 5 | H23: 537 | I23: 0 | J23: 5 | K23: 2 | L23: 0 | M23: 0 | N23: 씨네커플, 아르떼 | O23: 1544-8855 | P23: www.lottecinema.co.kr | Q23: 41527
A24: 23 | B24: 서울시 | C24: 금천구 | D24: 롯데시네마 가산디지털 | E24: 직영 | F24: 금천구 디지털로 10길 9 현대아울렛쇼핑몰 (가산동) | G24: 6 | H24: 1054 | I24: 0 | J24: 6 | K24: 3 | L24: 0 | M24: 1 | N24: 수퍼4D, 수퍼바이브 | O24: 1544-8855 | P24: www.lottecinema.co.kr | Q24: 41347
A25: 24 | B25: 서울시 | C25: 금천구 | D25: 롯데시네마 독산 | E25: 직영 | F25: 금천구 시흥대로 399 시티렉스 6층 | G25: 8 | H25: 1606 | I25: 0 | J25: 8 | K25: 3 | L25: 0 | M25: 0 | N25: ~ | O25: 1544-8855 | P25: www.lottecinema.co.kr | Q25: 41950 | R25: (구)CGV 독산
A26: 25 | B26: 서울시 | C26: 노원구 | D26: CGV 중계 | E26: 직영 | F26: 노원구 동일로 204가길 12, 8층 (중계동 509-2) | G26: 7 | H26: 1179 | I26: 0 | J26: 7 | K26: 3 | L26: 0 | M26: 0 | N26: ScreenX | O26: 1544-1122 | P26: www.cgv.co.kr | Q26: 41389
A27: 26 | B27: 서울시 | C27: 노원구 | D27: CGV 하계 | E27: 직영 | F27: 노원구 섬밭로 258 지하 1층 (중계동 506-1 건영백화점 지하1층) | G27: 4 | H27: 917 | I27: 0 | J27: 4 | K27: 3 | L27: 0 | M27: 0 | N27: CINE KIDS | O27: 1544-1122 | P27: www.cgv.co.kr | Q27: 41529 | R27: (구)프리머스 노원
A28: 27 | B28: 서울시 | C28: 노원구 | D28: 롯데시네마 노원 | E28: 직영 | F28: 노원구 동일로 1414 롯데백화점 10층 (상계동 713) | G28: 10 | H28: 1758 | I28: 0 | J28: 10 | K28: 9 | L28: 0 | M28: 1 | N28: 수퍼4D, 씨네커플 | O28: 1544-8855 | P28: www.lottecinema.co.kr | Q28: 38679
A29: 28 | B29: 서울시 | C29: 동대문구 | D29: 롯데시네마 장안 | E29: 위탁 | F29: 동대문구 답십리로 288 바우하우스 11층 (장안동 368-1) | G29: 7 | H29: 1084 | I29: 0 | J29: 7 | K29: 2 | L29: 0 | M29: 0 | N29: ~ | O29: 1544-8855 | P29: www.lottecinema.co.kr | Q29: 41265
A30: 29 | B30: 서울시 | C30: 동대문구 | D30: 롯데시네마 청량리 | E30: 직영 | F30: 동대문구 왕산로 214 (전농동) | G30: 8 | H30: 1678 | I30: =G30-J30 -> 0 | J30: 8 | K30: 4 | L30: 0 | M30: 1 | N30: 수퍼4D | O30: 1544-8855 | P30: www.lottecinema.co.kr | Q30: 40410
A31: 30 | B31: 서울시 | C31: 동작구 | D31: 메가박스 이수 | E31: 직영 | F31: 동작구 동작대로 89 골든시네마타워 7층 (사당1동 147-53) | G31: 6 | H31: 816 | I31: 0 | J31: 6 | K31: 2 | L31: 0 | M31: 0 | N31: ~ | O31: 1544-0070 | P31: www.megabox.co.kr | Q31: 39219
A32: 31 | B32: 서울시 | C32: 동작구 | D32: 아트나인 | E32: ~ | F32: 동작구 동작대로 89 골든시네마 12층 | G32: 2 | H32: 150 | I32: 0 | J32: 2 | K32: 1 | L32: 0 | M32: 0 | N32: ~ | O32: 1544-0070 | P32: www.megabox.co.kr | Q32: 41275 | R32: 메가박스와 전산망 공유
A33: 32 | B33: 서울시 | C33: 마포구 | D33: CGV 상암 | E33: 직영 | F33: 마포구 월드컵로 240, 1층 (성산동 515 월드컵쇼핑몰1층) | G33: 10 | H33: 1688 | I33: =G33-J33 -> 0 | J33: 10 | K33: 5 | L33: 1 | M33: 1 | N33: IMAX, SweetBox, ScreenX, 4DX, CGV 아트하우스, Gold Class | O33: 1544-1122 | P33: www.cgv.co.kr | Q33: 37762
A34: 33 | B34: 서울시 | C34: 마포구 | D34: CGV 홍대 | E34: 직영 | F34: 마포구 양화로 153 (동교동) 3층 | G34: 6 | H34: 876 | I34: 0 | J34: 6 | K34: 3 | L34: 0 | M34: 0 | N34: ~ | O34: 1544-1122 | P34: www.cgv.co.kr | Q34: 41914
A35: 34 | B35: 서울시 | C35: 마포구 | D35: 롯데시네마 누리꿈(상암) | E35: 직영 | F35: 마포구 월드컵북로 396 (상암동 1605 누리꿈스퀘어빌딩 디지털파빌리온 4층) | G35: 2 | H35: 224 | I35: 0 | J35: 2 | K35: 1 | L35: 0 | M35: 0 | N35: ~ | O35: 1544-8855 | P35: www.lottecinema.co.kr | Q35: 40297
A36: 35 | B36: 서울시 | C36: 마포구 | D36: 롯데시네마 합정 | E36: 직영 | F36: 마포구 양화로 45 메세나폴리스 2층 (합정동 481-1) | G36: 4 | H36: 689 | I36: 0 | J36: 4 | K36: 2 | L36: 0 | M36: 0 | N36: ~ | O36: 1544-8855 | P36: www.lottecinema.co.kr | Q36: 41109
A37: 36 | B37: 서울시 | C37: 마포구 | D37: 롯데시네마 홍대입구 | E37: 직영 | F37: 마포구 양화로 176 와이즈파크 8층 (동교동166-6번지) | G37: 6 | H37: 1104 | I37: =G37-J37 -> 0 | J37: 6 | K37: 4 | L37: 0 | M37: 0 | N37: ~ | O37: 1544-8855 | P37: www.lottecinema.co.kr | Q37: 39448
A38: 37 | B38: 서울시 | C38: 마포구 | D38: 시네마상상마당 | E38: ~ | F38: 마포구 어울마당로 65 지하4층 (서교동 367-5) | G38: 1 | H38: 77 | I38: =G38-J38 -> 0 | J38: 1 | K38: 0 | L38: 0 | M38: 0 | N38: ~ | O38: 330-6200 | P38: cinema.sangsangmadang.com | Q38: 2007-09-00
A39: 38 | B39: 서울시 | C39: 서대문구 | D39: CGV 신촌아트레온 | E39: 직영 | F39: 서대문구 신촌로 129, 2층 (창천동 20-24, 20-25) | G39: 9 | H39: 1468 | I39: 0 | J39: 9 | K39: 5 | L39: 0 | M39: 1 | N39: 4DX, CGV 아트하우스, Premium, ScreenX | O39: 1544-1122 | P39: www.cgv.co.kr | Q39: 41445 | R39: (구)아트레온
A40: 39 | B40: 서울시 | C40: 서대문구 | D40: 메가박스 신촌 | E40: 직영 | F40: 서대문구 신촌역로 30 밀리오레 5층 (신촌동 74-12) | G40: 8 | H40: 1541 | I40: =G40-J40 -> 0 | J40: 8 | K40: 2 | L40: 0 | M40: 0 | N40: 1관 M관 | O40: 1544-0070 | P40: www.megabox.co.kr | Q40: 38982
A41: 40 | B41: 서울시 | C41: 서대문구 | D41: 아트하우스모모 | E41: ~ | F41: 서대문구 이화여대길 52 이화여자대학교 ECC 402-4 (대현동) | G41: 2 | H41: 276 | I41: 0 | J41: 2 | K41: 1 | L41: 0 | M41: 0 | N41: ~ | O41: 747-7782 | P41: www.cineart.co.kr | Q41: 39713 | R41: 메가박스 전산망 사용
A42: 41 | B42: 서울시 | C42: 서대문구 | D42: 필름포럼 | E42: ~ | F42: 서대문구 성산로 527 지하1층 (대신동 85-1 하늬솔빌딩) | G42: 2 | H42: 138 | I42: 0 | J42: 2 | K42: 0 | L42: 0 | M42: 0 | N42: ~ | O42: 764-4231 | P42: cafe.naver.com/filmforum | Q42: 38443 | R42: 2007년 4월 이전 개관 / 2관 HDV 상영
A43: 42 | B43: 서울시 | C43: 서초구 | D43: 메가박스 강남 | E43: 직영 | F43: 서초구 서초대로 77길 3 아라타워 8층 (서초동 1317-20) | G43: 7 | H43: 924 | I43: =G43-J43 -> 0 | J43: 7 | K43: 4 | L43: 0 | M43: 0 | N43: ~ | O43: 1544-0070 | P43: www.megabox.co.kr | Q43: 38344
A44: 43 | B44: 서울시 | C44: 서초구 | D44: 메가박스 센트럴 | E44: 위탁 | F44: 서초구 신반포로 176 센트럴시티빌딩 지하1층 (반포동 19-3) | G44: 6 | H44: 1158 | I44: 0 | J44: 6 | K44: 3 | L44: 0 | M44: 0 | N44: ~ | O44: 1544-0070 | P44: www.megabox.co.kr | Q44: 38306 | R44: 7,8관 폐관(2014.12.9)
A45: 44 | B45: 서울시 | C45: 성동구 | D45: CGV 왕십리 | E45: 직영 | F45: 성동구 왕십리광장로 17, 5층 (행당동 왕십리 민자역사 4층~6층) | G45: 10 | H45: 1846 | I45: =G45-J45 -> 0 | J45: 10 | K45: 7 | L45: 1 | M45: 1 | N45: 4DX, IMAX,골드클래스, Sweetbox, ScreenX, Veatbox | O45: 1544-1122 | P45: www.cgv.co.kr | Q45: 39806
A46: 45 | B46: 서울시 | C46: 성북구 | D46: CGV 성신여대입구 | E46: 위탁 | F46: 성북구 동소문로 106, 10~12층 (동선동 1가 1-2 10층~12층) | G46: 5 | H46: 906 | I46: =G46-J46 -> 0 | J46: 5 | K46: 3 | L46: 0 | M46: 0 | N46: Sweetbox | O46: 1544-1122 | P46: www.cgv.co.kr | Q46: 39701
A47: 46 | B47: 서울시 | C47: 성북구 | D47: KU 시네마트랩 | E47: ~ | F47: 성북구 안암로 145 고려대미디어관4층 | G47: 1 | H47: 142 | I47: 0 | J47: 1 | K47: 0 | L47: 0 | M47: 0 | N47: ~ | O47: 924-6579 | P47: café.naver.com/kucinematrap | Q47: 40949
A48: 47 | B48: 서울시 | C48: 성북구 | D48: 아리랑시네미디어센터 | E48: ~ | F48: 성북구 아리랑로 82 (돈암동 538-98) | G48: 3 | H48: 473 | I48: 0 | J48: 3 | K48: 0 | L48: 0 | M48: 0 | N48: 3관 영화진흥위원회 독립영화전용관 | O48: 3291-5540 | P48: cine.arirang.go.kr | Q48: 2004-05-01 | R48: 2014.3.29 재개관
A49: 48 | B49: 서울시 | C49: 송파구 | D49: CGV 송파 | E49: 직영 | F49: 송파구 충민로 66, 10층 (장지동 201-27 가든파이브 라이프 영관 10층) | G49: 7 | H49: 1218 | I49: =G49-J49 -> 0 | J49: 7 | K49: 5 | L49: 0 | M49: 1 | N49: 4DX, Sweetbox, ScreenX, Veatbox | O49: 1544-1122 | P49: www.cgv.co.kr | Q49: 39932
A50: 49 | B50: 서울시 | C50: 양천구 | D50: CGV 목동 | E50: 직영 | F50: 양천구 목동로 257, 지하2층 (목동 916 현대백화점 지하2층) | G50: 8 | H50: 1372 | I50: =G50-J50 -> 0 | J50: 8 | K50: 4 | L50: 0 | M50: 0 | N50: Sweetbox, Veatbox, ScreenX | O50: 1544-1122 | P50: www.cgv.co.kr | Q50: 37499
A51: 50 | B51: 서울시 | C51: 양천구 | D51: 메가박스 목동 | E51: 직영 | F51: 양천구 목동동로 309 행복한세상백화점 6층 (목동 917-6) | G51: 9 | H51: 1497 | I51: =G51-J51 -> 0 | J51: 9 | K51: 4 | L51: 0 | M51: 0 | N51: Table M관, M2 | O51: 1544-0070 | P51: www.megabox.co.kr | Q51: 38834
A52: 51 | B52: 서울시 | C52: 영등포구 | D52: CGV 여의도 | E52: 직영 | F52: 영등포구 국제금융로 10, 지하3층 (여의도동 국제금융로 10) | G52: 9 | H52: 1313 | I52: 0 | J52: 9 | K52: 7 | L52: 0 | M52: 1 | N52: Premium, 4DX, CGV 아트하우스, ScreenX, SoundX, Veatbox | O52: 1544-1122 | P52: www.cgv.co.kr | Q52: 41151
A53: 52 | B53: 서울시 | C53: 영등포구 | D53: CGV 영등포 | E53: 직영 | F53: 영등포구 영산로 15, 4층 (영등포동 4가 441-10번지 경방 타임스퀘어 4~7층) | G53: 11 | H53: 2364 | I53: =G53-J53 -> 0 | J53: 11 | K53: 6 | L53: 0 | M53: 1 | N53: 4DX, Gold Class, STARIUM, Sweetbox, ScreenX, SoundX | O53: 1544-1122 | P53: www.cgv.co.kr | Q53: 39345
A54: 53 | B54: 서울시 | C54: 영등포구 | D54: 롯데시네마 영등포 | E54: 직영 | F54: 영등포구 경인로 102길 13 (영등포동 618-496) | G54: 7 | H54: 1328 | I54: =G54-J54 -> 0 | J54: 7 | K54: 6 | L54: 0 | M54: 0 | N54: ~ | O54: 1544-8855 | P54: www.lottecinema.co.kr | Q54: 38471
A55: 54 | B55: 서울시 | C55: 용산구 | D55: CGV 용산 | E55: 직영 | F55: 용산구 한강대로 23길 55, 6층 (한강로 3가 40-1 용산민자역사 6층) | G55: 11 | H55: 2215 | I55: =G55-J55 -> 0 | J55: 11 | K55: 5 | L55: 1 | M55: 1 | N55: 4DX, IMAX, Gold Class, Sweetbox, ScreenX, Veatbox | O55: 1544-1122 | P55: www.cgv.co.kr | Q55: 38268
A56: 55 | B56: 서울시 | C56: 용산구 | D56: 롯데시네마 용산(전자랜드) | E56: 직영 | F56: 용산구 청파로 3가 74 용산전자랜드 4~5층 (한강로 3가 16-9) | G56: 8 | H56: 1468 | I56: 0 | J56: 8 | K56: 5 | L56: 0 | M56: 0 | N56: ~ | O56: 1544-8855 | P56: www.lottecinema.co.kr | Q56: 41487
A57: 56 | B57: 서울시 | C57: 은평구 | D57: CGV 불광 | E57: 위탁 | F57: 은평구 불광로 20, 11층 (대조동 14-24 팜스퀘어 11층) | G57: 9 | H57: 1480 | I57: =G57-J57 -> 0 | J57: 9 | K57: 3 | L57: 0 | M57: 0 | N57: Sweetbox | O57: 1544-1122 | P57: www.cgv.co.kr | Q57: 38528
A58: 57 | B58: 서울시 | C58: 은평구 | D58: 메가박스 은평 | E58: 위탁 | F58: 은평구 통일로 830 파레제페 5층 (불광2동 304-2) | G58: 6 | H58: 711 | I58: 0 | J58: 6 | K58: 2 | L58: 0 | M58: 0 | N58: ~ | O58: 1544-0070 | P58: www.megabox.co.kr | Q58: 40118
A59: 58 | B59: 서울시 | C59: 은평구 | D59: 청춘극장 | E59: ~ | F59: 은평구 통일로 830, 8층 (불광동 304-2 파레제페8층) | G59: 1 | H59: 260 | I59: 0 | J59: 1 | K59: 0 | L59: 0 | M59: 0 | N59: ~ | O59: 2231-8869 | P59: café.naver.com/seoulsilvercinema | Q59: 40453 | R59: 마포구에서 이전/ 1개관
A60: 59 | B60: 서울시 | C60: 종로구 | D60: CGV 대학로 | E60: 직영 | F60: 종로구 대명길 (명륜동 2가 41-9) | G60: 8 | H60: 1184 | I60: =G60-J60 -> 0 | J60: 8 | K60: 3 | L60: 0 | M60: 0 | N60: CGV 아트하우스, Veatbox | O60: 1544-1122 | P60: www.cgv.co.kr | Q60: 39283
A61: 60 | B61: 서울시 | C61: 종로구 | D61: 롯데시네마 피카디리(종로) | E61: 위탁 | F61: 종로구 돈화문로 5가길 1 (돈의동 137) | G61: 8 | H61: 1459 | I61: =G61-J61 -> 0 | J61: 8 | K61: 4 | L61: 0 | M61: 0 | N61: ~ | O61: 1544-8855 | P61: www.lottecinema.co.kr | Q61: 39259
A62: 61 | B62: 서울시 | C62: 종로구 | D62: 서울극장 | E62: ~ | F62: 종로구 돈화문로 13 (관수동 59-7) | G62: 10 | H62: 2379 | I62: 0 | J62: 10 | K62: 2 | L62: 0 | M62: 0 | N62: ~ | O62: 2277-3014 | P62: www.seoulcinema.com | Q62: 1997-07-00 | R62: 1관 폐관
A63: 62 | B63: 서울시 | C63: 종로구 | D63: 서울아트시네마 | E63: ~ | F63: 종로구 삼일대로 428 낙원상가 4층 (낙원동 284-6) | G63: 1 | H63: 286 | I63: =G63-J63 -> 0 | J63: 1 | K63: 0 | L63: 0 | M63: 0 | N63: ~ | O63: 741-9782 | P63: www.cinematheque.seoul.kr | Q63: 37386
A64: 63 | B64: 서울시 | C64: 종로구 | D64: 씨네코드 선재 | E64: ~ | F64: 종로구 율곡로 3길 87 (소격동 144-2) | G64: 1 | H64: 238 | I64: 0 | J64: 1 | K64: 0 | L64: 0 | M64: 0 | N64: ~ | O64: 730-3200 | P64: cafe.naver.com/artsonjearthall | Q64: 39779
A65: 64 | B65: 서울시 | C65: 종로구 | D65: 씨네큐브광화문 | E65: ~ | F65: 종로구 새문안로 68 지하2층 (신문로1가 흥국생명빌딩) | G65: 2 | H65: 365 | I65: 0 | J65: 2 | K65: 0 | L65: 0 | M65: 0 | N65: ~ | O65: 2002-7770 | P65: www.cineart.co.kr | Q65: 2000-12-00 | R65: 메가박스 전산망 사용/HDV캠 대여상영가능
A66: 65 | B66: 서울시 | C66: 종로구 | D66: 인디스페이스 | E66: ~ | F66: 종로구 경희궁1길 1 가든플레이스 2층 (신문로2가 1-153) | G66: 1 | H66: 110 | I66: =G66-J66 -> 0 | J66: 1 | K66: 0 | L66: 0 | M66: 0 | N66: ~ | O66: 738-0366 | P66: café.naver.com/indiespace | Q66: 39067 | R66: (구)미로스페이스
A67: 66 | B67: 서울시 | C67: 종로구 | D67: 허리우드 클래식 | E67: ~ | F67: 종로구 삼일대로 428, 4층 (낙원동 284-6 낙원상가 4층) | G67: 1 | H67: 300 | I67: =G67-J67 -> 0 | J67: 1 | K67: 0 | L67: 0 | M67: 0 | N67: ~ | O67: 3672-4233 | Q67: 39539 | R67: (구)허리우드 극장
A68: 67 | B68: 서울시 | C68: 중구 | D68: CGV 명동 | E68: 직영 | F68: 중구 명동길 14 (명동2가 83-5번지 눈스퀘어 8층) | G68: 5 | H68: 736 | I68: =G68-J68 -> 0 | J68: 5 | K68: 4 | L68: 0 | M68: 0 | N68: Sweetbox, Veatbox | O68: 1544-1122 | P68: www.cgv.co.kr | Q68: 37248
A69: 68 | B69: 서울시 | C69: 중구 | D69: CGV 명동역 | E69: 직영 | F69: 중구 퇴계로 123 (충무로2가65-9 하이해리엇 10, 11층) | G69: 6 | H69: 876 | I69: =G69-J69 -> 0 | J69: 6 | K69: 3 | L69: 0 | M69: 0 | N69: Sweetbox, Veatbox | O69: 1544-1122 | P69: www.cgv.co.kr | Q69: 38814 | R69: 씨너스명동->CGV명동역 변경 (2010. 8.19)
A70: 69 | B70: 서울시 | C70: 중구 | D70: 대한극장 | E70: ~ | F70: 중구 퇴계로 212 (충무로 4가 125) | G70: 11 | H70: 2754 | I70: 0 | J70: 11 | K70: 2 | L70: 0 | M70: 0 | N70: ~ | O70: 3393-3500 | P70: www.daehancinema.com | Q70: 37240
A71: 70 | B71: 서울시 | C71: 중구 | D71: 롯데시네마 에비뉴엘(명동) | E71: 직영 | F71: 중구 남대문로 2가 130 (소공동 에비뉴엘 6층, 7층) | G71: 5 | H71: 646 | I71: =G71-J71 -> 0 | J71: 5 | K71: 5 | L71: 0 | M71: 0 | N71: 4관 샤롯데 | O71: 1544-8855 | P71: www.lottecinema.co.kr | Q71: 38436
A72: 71 | B72: 서울시 | C72: 중구 | D72: 롯데시네마 황학 | E72: 직영 | F72: 중구 청계천로 400 (황학동 롯데캐슬배니치아 1층) | G72: 2 | H72: 118 | I72: 0 | J72: 2 | K72: 2 | L72: 0 | M72: 0 | N72: ~ | O72: 1544-8855 | P72: www.lottecinema.co.kr | Q72: 41109
A73: 72 | B73: 서울시 | C73: 중구 | D73: 메가박스 동대문 | E73: 직영 | F73: 중구 장충단로 247 굿모닝시티 9층 (을지로 6가 21번지) | G73: 8 | H73: 1596 | I73: =G73-J73 -> 0 | J73: 8 | K73: 2 | L73: 0 | M73: 0 | N73: 1관 M관 | O73: 1544-0070 | P73: www.megabox.co.kr | Q73: 39702
A74: 73 | B74: 서울시 | C74: 중구 | D74: 서울애니시네마 | E74: ~ | F74: 중구 소파로 126 (예장동 8-145) | G74: 1 | H74: 179 | I74: 0 | J74: 1 | K74: 0 | L74: 0 | M74: 0 | N74: ~ | O74: 3455-8342 | P74: cinema.ani.seoul.kr | Q74: 2005-01-20
A75: 74 | B75: 서울시 | C75: 중구 | D75: 스폰지하우스 (광화문) | E75: ~ | F75: 중구 세종대로 21길 40 씨스퀘어빌딩 1층 (태평로1가 61-21) | G75: 1 | H75: 76 | I75: =G75-J75 -> 0 | J75: 1 | K75: 0 | L75: 0 | M75: 0 | N75: ~ | O75: 2285-2102 | P75: www.spongehouse.com | Q75: 39429
A76: 75 | B76: 서울시 | C76: 중구 | D76: 실버극장 | E76: ~ | F76: 중구 마른내로 47 (초동 18-5 명보아트홀) | G76: 1 | H76: 226 | I76: 0 | J76: 1 | K76: 0 | L76: 0 | M76: 0 | N76: ~ | O76: 489-2807 | Q76: 41395
A77: 76 | B77: 서울시 | C77: 중랑구 | D77: 메가박스 상봉 | E77: 위탁 | F77: 중랑구 망우로 30길 3 (상봉동 130-3번지) | G77: 7 | H77: 939 | I77: 0 | J77: 7 | K77: 2 | L77: 0 | M77: 0 | N77: ~ | O77: 1544-0070 | P77: www.megabox.co.kr | Q77: 40087
A80: 2014 휴폐관 극장
A81: 1 | B81: 서울시 | C81: 강서구 | D81: CGV 김포공항 | E81: 직영 | F81: 강서구 방화2동 712-1 스카이시티몰 3층 영상관 | G81: 9 | H81: 1499 | I81: =G81-J81 -> 0 | J81: 9 | K81: 4 | M81: 0 | N81: ~ | O81: 1544-1122 | P81: www.cgv.co.kr | Q81: 38101 | R81: 2014.10.29 영업종료
A82: 2 | B82: 서울시 | C82: 송파구 | D82: 롯데시네마 월드타워 | E82: 직영 | F82: 송파구 올림픽로 300 엔터동 5~11층 | G82: 21 | H82: 4617 | I82: 0 | J82: 21 | K82: 11 | L82: 0 | M82: 1 | N82: 샤롯데, 수퍼G, 수퍼4D, 수퍼사운드, 씨네패밀리, 씨네커플, 씨네비즈, 아르떼 | O82: 1544-8855 | P82: www.lottecinema.co.kr | Q82: 41927 | R82: 2014.12.17~임시 휴관
A83: 3 | B83: 서울시 | C83: 송파구 | D83: 롯데시네마 롯데월드 | E83: 직영 | F83: 송파구 잠실동 40-1 | G83: 2 | H83: 709 | I83: =G83-J83 -> 0 | J83: 2 | K83: 2 | L83: 0 | M83: 0 | N83: ~ | O83: 1544-8855 | P83: www.lottecinema.co.kr | Q83: 39661 | R83: 2014.11.30 영업종료

Sheet 부산
A1: 번호 | B1: 광역단체 | C1: 기초단체 | D1: 영화관명 | E1: 대기업 운영 여부 | F1: 소재지 | G1: 총스크린수 | H1: 총좌석수 | I1: 필름 전용관수 | J1: 디지털 2D 상영관수 | K1: 3D 가능관수 | L1: IMAX 상영관 수 | M1: 4D 상영관수 | N1: 특별관 운영 여부 | O1: 전화번호(051) | P1: 홈페이지 | Q1: 개관일 | R1: 비고
A2: 1 | B2: 부산시 | C2: 금정구 | D2: CGV 부산대 | E2: 위탁 | F2: 금정구 장전로 12번길 55 (장전동 292-4) | G2: 7 | H2: 1094 | I2: =G2-J2 -> 0 | J2: 7 | K2: 2 | L2: 0 | M2: 0 | N2: ~ | O2: 1544-1122 | P2: www.cgv.co.kr | Q2: 40666
A3: 2 | B3: 부산시 | C3: 기장군 | D3: 롯데시네마 동부산 | E3: 직영 | F3: 기장군 기장해안로 147 동부산롯데몰 3층 | G3: 6 | H3: 1014 | I3: 0 | J3: 6 | K3: 2 | L3: 0 | M3: 0 | N3: ~ | O3: 1544-8855 | P3: www.lottecinema.co.kr | Q3: 41996
A4: 3 | B4: 부산시 | C4: 남구 | D4: CGV 대연 | E4: 직영 | F4: 남구 수영로 305, 5층 (대연동 73-15번지 스파크 5층) | G4: 8 | H4: 1065 | I4: =G4-J4 -> 0 | J4: 8 | K4: 4 | L4: 0 | M4: 0 | N4: Sweetbox, Veatbox | O4: 1544-1122 | P4: www.cgv.co.kr | Q4: 39337
A5: 4 | B5: 부산시 | C5: 남구 | D5: 국도예술관 | E5: ~ | F5: 남구 유엔평화로 70번길 23 (대연4동 965-2) | G5: 1 | H5: 143 | I5: 0 | J5: 1 | K5: 0 | L5: 0 | M5: 0 | N5: ~ | O5: 245-5441 | P5: cafe.naver.com/gukdo | Q5: 39633
A6: 5 | B6: 부산시 | C6: 동래구 | D6: CGV 동래 | E6: 직영 | F6: 동래구 중앙대로 1523, 6층 (온천동 153-8 SK허브스카이 6층) | G6: 9 | H6: 1631 | I6: =G6-J6 -> 0 | J6: 9 | K6: 4 | L6: 0 | M6: 0 | N6: Sweetbox, Veatbox | O6: 1544-1122 | P6: www.cgv.co.kr | Q6: 39015
A7: 6 | B7: 부산시 | C7: 동래구 | D7: 롯데시네마 동래 | E7: 직영 | F7: 동래구 중앙대로 1393 | G7: 9 | H7: 1466 | I7: =G7-J7 -> 0 | J7: 9 | K7: 6 | L7: 0 | M7: 0 | N7: 씨네커플 | O7: 1544-8855 | P7: www.lottecinema.co.kr | Q7: 39600
A8: 7 | B8: 부산시 | C8: 부산진구 | D8: CGV 대한 | E8: 직영 | F8: 부산진구 중앙대로 692번길 16, 4층 (부전동 199 대한프라자 4층) | G8: 4 | H8: 661 | I8: =G8-J8 -> 0 | J8: 4 | K8: 0 | L8: 0 | M8: 0 | N8: Sweetbox | O8: 1544-1122 | P8: www.cgv.co.kr | Q8: 36876
A9: 8 | B9: 부산시 | C9: 부산진구 | D9: CGV 서면 | E9: 직영 | F9: 부산진구 동천로 4, 6층 (전포동 892-20 지오플레이스 6층) | G9: 12 | H9: 2135 | I9: =G9-J9 -> 0 | J9: 12 | K9: 5 | L9: 1 | M9: 1 | N9: IMAX, CGV 아트하우스 | O9: 1544-1122 | P9: www.cgv.co.kr | Q9: 36677
A10: 9 | B10: 부산시 | C10: 부산진구 | D10: 롯데시네마 부산본점(백화점) | E10: 직영 | F10: 부산진구 가야대로 772 롯데백화점 10층 (부전동 503-15) | G10: 11 | H10: 1928 | I10: =G10-J10 -> 0 | J10: 11 | K10: 9 | L10: 0 | M10: 0 | N10: 수퍼사운드, 씨네커플 | O10: 1544-8855 | P10: www.lottecinema.co.kr | Q10: 37058
A11: 10 | B11: 부산시 | C11: 부산진구 | D11: 롯데시네마 서면(디시티) | E11: 직영 | F11: 부산진구 동천로 92, 6층 (전포동 668-1번지) | G11: 7 | H11: 1409 | I11: =G11-J11 -> 0 | J11: 7 | K11: 2 | L11: 0 | M11: 0 | N11: ~ | O11: 1544-8855 | P11: www.lottecinema.co.kr | Q11: 40422
A12: 11 | B12: 부산시 | C12: 부산진구 | D12: 메가박스 서면 | E12: 위탁 | F12: 부산진구 서면로 39 효성엑센시티 8층 (부전동 521-1) | G12: 6 | H12: 812 | I12: =G12-J12 -> 0 | J12: 6 | K12: 3 | L12: 0 | M12: 0 | N12: ~ | O12: 1544-0070 | P12: www.megabox.co.kr | Q12: 38960
A13: 12 | B13: 부산시 | C13: 북구 | D13: CGV 화명 | E13: 직영 | F13: 북구 화명대로 16 (화명동 2275-1 센추리빌딩) | G13: 9 | H13: 846 | I13: 0 | J13: 9 | K13: 2 | L13: 0 | M13: 0 | N13: ~ | O13: 1544-1122 | P13: www.cgv.co.kr | Q13: 37729 | R13: (구)프리머스 화명
A14: 13 | B14: 부산시 | C14: 북구 | D14: 메가박스 덕천 | E14: 위탁 | F14: 북구 만덕대로 23 뉴코아아울렛 7~10층 | G14: 9 | H14: 1180 | I14: 0 | J14: 9 | K14: 1 | L14: 0 | M14: 0 | N14: Table M관 | O14: 1544-0070 | P14: www.megabox.co.kr | Q14: 41393 | R14: (구)프리머스 덕천
A15: 14 | B15: 부산시 | C15: 사상구 | D15: 롯데시네마 사상(애플아울렛) | E15: 직영 | F15: 사상구 사상로 201 애플아울렛 본관 3~4층 (괘법동 533-1) | G15: 7 | H15: 1520 | I15: =G15-J15 -> 0 | J15: 7 | K15: 5 | L15: 0 | M15: 0 | N15: ~ | O15: 1544-8855 | P15: www.lottecinema.co.kr | Q15: 38365
A16: 15 | B16: 부산시 | C16: 연제구 | D16: CGV 아시아드 | E16: 직영 | F16: 연제구 종합운동장로 7 (거제2동 1208번지 홈플러스) | G16: 8 | H16: 1315 | I16: =G16-J16 -> 0 | J16: 8 | K16: 3 | L16: 0 | M16: 0 | N16: ~ | O16: 1544-1122 | P16: www.cgv.co.kr | Q16: 38004 | R16: 09년 3월 CGV 아시아드로 상호변경
A17: 16 | B17: 부산시 | C17: 중구 | D17: CGV 남포 | E17: 위탁 | F17: 중구 비프광장로 18 (남포동 6가 92-1 국도타운 6층) | G17: 2 | H17: 516 | I17: 0 | J17: 2 | K17: 0 | L17: 0 | M17: 0 | N17: ~ | O17: 1544-1122 | P17: www.cgv.co.kr | Q17: 37205
A18: 17 | B18: 부산시 | C18: 중구 | D18: 대영시네마 | E18: ~ | F18: 중구 비프광장로 37 (남포동 5가 12-1) | G18: 8 | H18: 1802 | I18: 0 | J18: 8 | K18: 2 | L18: 0 | M18: 0 | N18: ~ | O18: 247-1384 | P18: www.daeyoungcinema.com | Q18: 36357
A19: 18 | B19: 부산시 | C19: 중구 | D19: 메가박스 부산극장 | E19: 위탁 | F19: 중구 비프광장로 36 (남포동 5가 18) | G19: 8 | H19: 2264 | I19: =G19-J19 -> 0 | J19: 8 | K19: 2 | L19: 0 | M19: 0 | N19: ~ | O19: 1544-0070 | P19: www.megabox.co.kr | Q19: 39055 | R19: (구)부산극장
A20: 19 | B20: 부산시 | C20: 중구 | D20: 아트씨어터 씨앤씨 | E20: ~ | F20: 중구 중구로 71 가톨릭센터 1층 (대청동4가 81-1) | G20: 1 | H20: 200 | I20: 0 | J20: 1 | K20: 0 | L20: 0 | M20: 0 | N20: ~ | O20: 442-0602 | P20: cafe.naver.com/cnctheater
A21: 20 | B21: 부산시 | C21: 중구 | D21: 롯데시네마 광복 | E21: 직영 | F21: 중구 중앙대로 2 마트/시네마동 9층 | G21: 11 | H21: 2409 | I21: 0 | J21: 11 | K21: 6 | L21: 0 | M21: 1 | N21: 샤롯데, 씨네커플, 수퍼플렉스, 수퍼4D, 씨네비즈 | O21: 1544-8855 | P21: www.lottecinema.co.kr | Q21: 41879
A22: 21 | B22: 부산시 | C22: 해운대구 | D22: CGV 센텀시티 | E22: 직영 | F22: 부산 해운대구 센텀남대로 35, 7층 (우동 1495번지 신세계센텀시티 7층) | G22: 10 | H22: 2093 | I22: 0 | J22: 10 | K22: 5 | L22: 0 | M22: 1 | N22: 4DX, STARIUM, Cine de Chef, 4DX, ScreenX, CGV 아트하우스 | O22: 1544-1122 | P22: www.cgv.co.kr | Q22: 39875
A23: 22 | B23: 부산시 | C23: 해운대구 | D23: 롯데시네마 센텀시티(백화점) | E23: 직영 | F23: 해운대구 센텀남대로 50 롯데백화점 8층 (우동 센텀시티 1496) | G23: 10 | H23: 1755 | I23: =G23-J23 -> 0 | J23: 10 | K23: 6 | L23: 0 | M23: 0 | N23: 1관 샤롯데, 8관 아르떼 | O23: 1544-8855 | P23: www.lottecinema.co.kr | Q23: 39423
A24: 23 | B24: 부산시 | C24: 해운대구 | D24: 롯데시네마 해운대 | E24: 위탁 | F24: 해운대구 해운대로 802, 7층 | G24: 10 | H24: 1688 | I24: 0 | J24: 10 | K24: 2 | L24: 0 | M24: 0 | N24: ~ | O24: 1544-8855 | P24: www.lottecinema.co.kr | Q24: 41639 | R24: (구)프리머스 해운대
A25: 24 | B25: 부산시 | C25: 해운대구 | D25: 메가박스 장산 | E25: 위탁 | F25: 해운대구 해운대로 813 NC백화점 8층 (좌동 1467-4) | G25: 7 | H25: 1019 | I25: 0 | J25: 7 | K25: 2 | L25: 0 | M25: 0 | N25: ~ | O25: 1544-0070 | P25: www.megabox.co.kr | Q25: 40910
A26: 25 | B26: 부산시 | C26: 해운대구 | D26: 메가박스 해운대 | E26: 직영 | F26: 해운대구 해운대로 648 스펀지몰 6층 (우1동 587-1) | G26: 10 | H26: 1794 | I26: 0 | J26: 10 | K26: 2 | L26: 0 | M26: 0 | N26: Table M관, M관 | O26: 1544-0070 | P26: www.megabox.co.kr | Q26: 37590
A27: 26 | B27: 부산시 | C27: 해운대구 | D27: 영화의 전당 | E27: ~ | F27: 해운대구 수영강변대로 120 (우1동 1467) | G27: 3 | H27: 837 | I27: 0 | J27: 3 | K27: 3 | L27: 0 | M27: 0 | N27: ~ | O27: 780-6050 | P27: www.dureraum.org | Q27: 40858 | R27: 4,5관은 공연장으로 등록. 통계제외함
A30: 2014년 휴폐관 극장
A31: 1 | B31: 부산시 | C31: 금정구 | D31: 메가박스 오투 | E31: 위탁 | F31: 금정구 부곡 2동 298번지 | G31: 7 | H31: 1177 | I31: =G31-J31 -> 0 | J31: 7 | K31: 2 | M31: 0 | N31: ~ | O31: 1544-0070 | P31: www.megabox.co.kr | Q31: 38961 | R31: 2014.12.22 영업종료 / 2015.1.1 롯데시네마 오투로 전환

Sheet 대구
A1: 번호 | B1: 광역단체 | C1: 기초단체 | D1: 영화관명 | E1: 대기업 운영 여부 | F1: 소재지 | G1: 총스크린수 | H1: 총좌석수 | I1: 필름 전용관수 | J1: 디지털 2D 상영관수 | K1: 3D 가능관수 | L1: IMAX 상영관 수 | M1: 4D 상영관수 | N1: 특별관 운영 여부 | O1: 전화번호(053) | P1: 홈페이지 | Q1: 개관일 | R1: 비고
A2: 1 | B2: 대구시 | C2: 달서구 | D2: 롯데시네마 성서 | E2: 직영 | F2: 달서구 성서로 414 (이곡동 1244-1) | G2: 9 | H2: 1617 | I2: =G2-J2 -> 0 | J2: 9 | K2: 6 | L2: 0 | M2: 0 | N2: ~ | O2: 1544-8855 | P2: www.lottecinema.co.kr | Q2: 39346
A3: 2 | B3: 대구시 | C3: 동구 | D3: CGV 대구이시아 | E3: 위탁 | F3: 동구 팔공로 49길 16, 3층 (봉무동 1545 롯데몰13층) | G3: 7 | H3: 974 | I3: =G3-J3 -> 0 | J3: 7 | K3: 3 | L3: 0 | M3: 0 | N3: ~ | O3: 1544-1122 | P3: www.cgv.co.kr | Q3: 40663
A4: 3 | B4: 대구시 | C4: 동구 | D4: 롯데시네마 대구율하 | E4: 직영 | F4: 동구 안심로 80 (율하동 1117) | G4: 6 | H4: 1386 | I4: =G4-J4 -> 0 | J4: 6 | K4: 4 | L4: 0 | M4: 0 | N4: ~ | O4: 1544-8855 | P4: www.lottecinema.co.kr | Q4: 40374
A5: 4 | B5: 대구시 | C5: 북구 | D5: CGV 대구칠곡 | E5: 위탁 | F5: 북구 동암로 90 (동천동 894-1번지 세븐밸리 5층) | G5: 7 | H5: 1171 | I5: 0 | J5: 7 | K5: 3 | L5: 0 | M5: 0 | N5: ~ | O5: 1544-1122 | P5: www.cgv.co.kr | Q5: 39386
A6: 5 | B6: 대구시 | C6: 북구 | D6: 롯데시네마 대구 | E6: 직영 | F6: 북구 태평로 161 (칠성동 2가 302-155) | G6: 9 | H6: 1627 | I6: =G6-J6 -> 0 | J6: 9 | K6: 5 | L6: 0 | M6: 0 | N6: 9관 아르떼 | O6: 1544-8855 | P6: www.lottecinema.co.kr | Q6: 37679
A7: 6 | B7: 대구시 | C7: 북구 | D7: 롯데시네마 프리미엄칠곡 | E7: 위탁 | F7: 북구 학정로 422 태을빌딩 5층 (구암동 769-1) | G7: 6 | H7: 536 | I7: 0 | J7: 6 | K7: 3 | L7: 0 | M7: 0 | N7: ~ | O7: 1544-8855 | P7: www.lottecinema.co.kr | Q7: 41517
A8: 7 | B8: 대구시 | C8: 북구 | D8: 메가박스 대구(칠성로) | E8: 직영 | F8: 북구 침산로 93 스펙트럼시티 4층 (칠성동 2가 20) | G8: 10 | H8: 1951 | I8: 0 | J8: 10 | K8: 3 | L8: 0 | M8: 0 | N8: Table M관,M관 | O8: 1544-0070 | P8: www.megabox.co.kr | Q8: 37372
A9: 8 | B9: 대구시 | C9: 북구 | D9: 메가박스 북대구(칠곡) | E9: 위탁 | F9: 북구 동암로 100 (동천동 895-2) | G9: 6 | H9: 886 | I9: =G9-J9 -> 0 | J9: 6 | K9: 1 | L9: 0 | M9: 0 | N9: ~ | O9: 1544-0070 | P9: www.megabox.co.kr | Q9: 39341
A10: 9 | B10: 대구시 | C10: 서구 | D10: 롯데시네마 대구광장 | E10: 직영 | F10: 서구 달구벌대로 1691 엠프라자 4층 (내당동) | G10: 7 | H10: 1300 | I10: 0 | J10: 7 | K10: 2 | L10: 0 | M10: 0 | N10: ~ | O10: 1544-8855 | P10: www.lottecinema.co.kr | Q10: 41180
A11: 10 | B11: 대구시 | C11: 수성구 | D11: 시네마M | E11: ~ | F11: 수성구 동대구로 400 대구문화방송 (범어2동) | G11: 1 | H11: 520 | I11: =G11-J11 -> 0 | J11: 1 | K11: 1 | L11: 0 | M11: 0 | N11: ~ | O11: 744-6114 | P11: www.cinemam.co.kr | Q11: 36861
A12: 11 | B12: 대구시 | C12: 수성구 | D12: CGV 대구수성 | E12: 직영 | F12: 수성구 지범로 191, 8층 (범물동 1273) | G12: 4 | H12: 804 | I12: 0 | J12: 4 | K12: 2 | L12: 0 | M12: 0 | N12: ~ | O12: 1544-1122 | P12: www.cgv.co.kr | Q12: 41417 | R12: (구)프리머스 수성
A13: 12 | B13: 대구시 | C13: 수성구 | D13: CGV 대구스타디움 | E13: 직영 | F13: 수성구 유니버시아드로 140 (대흥동 504번지) | G13: 10 | H13: 1466 | I13: =G13-J13 -> 0 | J13: 10 | K13: 6 | L13: 0 | M13: 0 | N13: ~ | O13: 1544-1122 | P13: www.cgv.co.kr | Q13: 40764
A14: 13 | B14: 대구시 | C14: 중구 | D14: CGV 대구 | E14: 직영 | F14: 중구 국채보상로 585, 5층~9층 (사일동 15-1) | G14: 12 | H14: 1625 | I14: =G14-J14 -> 0 | J14: 12 | K14: 5 | L14: 1 | M14: 1 | N14: 4DX, IMAX, sweetbox, CGV 아트하우스, ScreenX, Veatbox | O14: 1544-1122 | P14: www.cgv.co.kr | Q14: 39337
A15: 14 | B15: 대구시 | C15: 중구 | D15: CGV 대구아카데미 | E15: 직영 | F15: 중구 중앙대로 412 (남일동) | G15: 7 | H15: 1171 | I15: 0 | J15: 7 | K15: 2 | L15: 0 | M15: 0 | N15: ~ | O15: 1544-1122 | P15: www.cgv.co.kr | Q15: 41663 | R15: (구)롯데시네마 대구아카데미
A16: 15 | B16: 대구시 | C16: 중구 | D16: CGV 대구한일 | E16: 직영 | F16: 중구 동성로 39, 7층 (동성로 2가 88-2 씨네시티한일 7층) | G16: 5 | H16: 832 | I16: 0 | J16: 5 | K16: 2 | L16: 0 | M16: 0 | N16: Sweetbox | O16: 1544-1122 | P16: www.cgv.co.kr | Q16: 41271 | R16: (구)대구한일극장 ->(구)메가박스 대구한일
A17: 16 | B17: 대구시 | C17: 중구 | D17: CGV 대구현대 | E17: 직영 | F17: 중구 달구벌대로 2077, 지하2층 (계산동 2가 200번지 지하2층) | G17: 6 | H17: 710 | I17: =G17-J17 -> 0 | J17: 6 | K17: 3 | L17: 0 | M17: 0 | N17: Sweetbox, Veatbox | O17: 1544-1122 | P17: www.cgv.co.kr | Q17: 40774
A18: 17 | B18: 대구시 | C18: 중구 | D18: MMC만경관 | E18: ~ | F18: 중구 국채보상로 57 (동성로1가 29-4) | G18: 9 | H18: 859 | I18: 0 | J18: 9 | K18: 2 | L18: 0 | M18: 0 | N18: ~ | O18: 257-2041 | P18: www.mmc24.co.kr | Q18: 37435 | R18: 10관~15관 폐관
A19: 18 | B19: 대구시 | C19: 중구 | D19: 동성아트홀 | E19: ~ | F19: 중구 동성로 69 (동성로1가 22) | G19: 1 | H19: 201 | I19: 0 | J19: 1 | K19: 0 | L19: 0 | M19: 0 | N19: ~ | O19: 425-2845 | P19: café.naver.com/dartholic | Q19: 33878
A20: 19 | B20: 대구시 | C20: 중구 | D20: 롯데시네마 동성로 | E20: 직영 | F20: 중구 동성로 2길 95 | G20: 9 | H20: 1412 | I20: =G20-J20 -> 0 | J20: 9 | K20: 5 | L20: 0 | M20: 0 | N20: 1관 샤롯데 | O20: 1544-8855 | P20: www.lottecinema.co.kr | Q20: 39586
A21: 20 | B21: 대구시 | C21: 중구 | D21: 그레이스실버영화관 | E21: ~ | F21: 중구 경상감영길 137 | G21: 1 | H21: 139 | I21: 0 | J21: 1 | K21: 0 | L21: 0 | M21: 0 | N21: ~ | O21: 431-1571 | P21: blog.daum.net/ghdae | Q21: 41874
G22: =SUM(G2:G21) -> 132 | H22: =SUM(H2:H21) -> 21187 | I22: =SUM(I2:I21) -> 0 | J22: =SUM(J2:J21) -> 132

Sheet 인천
A1: 번호 | B1: 광역단체 | C1: 기초단체 | D1: 영화관명 | E1: 대기업 운영 여부 | F1: 소재지 | G1: 총스크린수 | H1: 총좌석수 | I1: 필름 전용관수 | J1: 디지털 2D 상영관수 | K1: 3D 가능관수 | L1: IMAX 상영관 수 | M1: 4D 상영관수 | N1: 특별관 운영 여부 | O1: 전화번호(032) | P1: 홈페이지 | Q1: 개관일 | R1: 비고
A2: 1 | B2: 인천시 | C2: 계양구 | D2: CGV 계양 | E2: 직영 | F2: 계양구 장제로 738, 8층 (작전동 899-1 8~11층) | G2: 8 | H2: 1219 | I2: =G2-J2 -> 0 | J2: 8 | K2: 4 | L2: 0 | M2: 0 | N2: Sweetbox, Veatbox | O2: 1544-1122 | P2: www.cgv.co.kr | Q2: 38985
A3: 2 | B3: 인천시 | C3: 남구 | D3: CGV 인천터미널 | E3: 직영 | F3: 남구 연남로 35, 지하1층 (관교동 15 신세계백화점 지하1층) | G3: 4 | H3: 516 | I3: 0 | J3: 4 | K3: 2 | L3: 0 | M3: 0 | N3: Sweetbox | O3: 1544-1122 | P3: www.cgv.co.kr | Q3: 38604 | R3: (구)CGV 관교
A4: 3 | B4: 인천시 | C4: 남구 | D4: CGV 주안 | E4: 직영 | F4: 남구 염창로 58, 6층 (주안동 30-1 카라아울렛 6~10층) | G4: 9 | H4: 1690 | I4: =G4-J4 -> 0 | J4: 9 | K4: 4 | L4: 0 | M4: 0 | N4: Sweetbox | O4: 1544-1122 | P4: www.cgv.co.kr | Q4: 38414
A5: 4 | B5: 인천시 | C5: 남구 | D5: 영화공간 주안 | E5: ~ | F5: 남구 미추홀대로 716 메인프라자7층 (주안1동 166-1) | G5: 3 | H5: 346 | I5: 0 | J5: 3 | K5: 0 | L5: 0 | M5: 0 | N5: ~ | O5: 427-6777 | P5: www.cinespacejuan.com | Q5: 39203 | R5: 구 프리머스 주안/ 1,3관은 DLP프로젝터 상영
A6: 5 | B6: 인천시 | C6: 남구 | D6: CGV 남주안 | E6: 위탁 | F6: 남구 미추홀대로 736 (주안동 9층 18호) | G6: 7 | H6: 921 | I6: 0 | J6: 7 | K6: 0 | L6: 0 | M6: 0 | N6: ~ | O6: 1544-1122 | P6: www.cgv.co.kr | Q6: 41887
A7: 6 | B7: 인천시 | C7: 남동구 | D7: CGV 인천 | E7: 직영 | F7: 남동구 예술로 198, 4층 (구월동 1130 씨엔씨빌딩 4층) | G7: 14 | H7: 3390 | I7: =G7-J7 -> 0 | J7: 14 | K7: 5 | L7: 1 | M7: 1 | N7: IMAX, ScreenX, Sweetbox, CGV 아트하우스, 4DX, Veatbox | O7: 1544-1122 | P7: www.cgv.co.kr | Q7: 36512
A8: 7 | B8: 인천시 | C8: 남동구 | D8: CGV 인천논현 | E8: 직영 | F8: 남동구 논현로 26번길34, 4층 (논현동 646-2 시네마타워4층) | G8: 5 | H8: 630 | I8: =G8-J8 -> 0 | J8: 5 | K8: 2 | L8: 0 | M8: 0 | N8: ~ | O8: 1544-1122 | P8: www.cgv.co.kr | Q8: 40438
A9: 8 | B9: 인천시 | C9: 남동구 | D9: 롯데시네마 인천 | E9: 직영 | F9: 남동구 예술로 148 롯데백화점 7층 (구월동 1455) | G9: 9 | H9: 1341 | I9: =G9-J9 -> 0 | J9: 9 | K9: 7 | L9: 0 | M9: 0 | N9: 1관 샤롯데 | O9: 1544-8855 | P9: www.lottecinema.co.kr | Q9: 39954
A10: 9 | B10: 인천시 | C10: 동구 | D10: 추억극장 미림 | E10: ~ | F10: 동구 화도진로 31 (송현동 92-7) | G10: 1 | H10: 283 | I10: 0 | J10: 1 | K10: 0 | L10: 0 | M10: 0 | N10: ~ | O10: 032-764-6920 | Q10: 41549 | R10: DV CAM 상영
A11: 10 | B11: 인천시 | C11: 부평구 | D11: CGV 부평 | E11: 위탁 | F11: 부평구 마장로 489 (청천동 386) | G11: 10 | H11: 1464 | I11: =G11-J11 -> 0 | J11: 10 | K11: 0 | L11: 0 | M11: 0 | N11: Sweetbox | O11: 1544-1122 | P11: www.cgv.co.kr | Q11: 38157
A12: 11 | B12: 인천시 | C12: 부평구 | D12: 대한극장 | E12: ~ | F12: 부평구 경원대로 1382 (부평1동 201-9) | G12: 2 | H12: 240 | I12: 0 | J12: 2 | K12: 1 | L12: 0 | M12: 0 | N12: ~ | O12: 503-3330 | P12: dht.movieplus.or.kr | Q12: 1973-07-01
A13: 12 | B13: 인천시 | C13: 부평구 | D13: 롯데시네마 부평 | E13: 직영 | F13: 부평구 대정로 66 (부평동 152-1) | G13: 9 | H13: 1523 | I13: =G13-J13 -> 0 | J13: 9 | K13: 4 | L13: 0 | M13: 0 | N13: 9관 아르떼 | O13: 1544-8855 | P13: www.lottecinema.co.kr | Q13: 38777
A14: 13 | B14: 인천시 | C14: 부평구 | D14: 롯데시네마 부평역사 | E14: 직영 | F14: 부평구 광장로 16 (부평동 738-21) | G14: 9 | H14: 1218 | I14: =G14-J14 -> 0 | J14: 9 | K14: 4 | L14: 0 | M14: 0 | N14: ~ | O14: 1544-8855 | P14: www.lottecinema.co.kr | Q14: 39695
A15: 14 | B15: 인천시 | C15: 부평구 | D15: CGV 부평역 | E15: 위탁 | F15: 부평구 경원대로 1395 | G15: 6 | H15: 730 | I15: 0 | J15: 6 | K15: 0 | L15: 0 | M15: 0 | N15: ~ | O15: 1544-1122 | P15: www.cgv.co.kr | Q15: 41842
A16: 15 | B16: 인천시 | C16: 서구 | D16: 롯데시네마 검단 | E16: 직영 | F16: 서구 완정로 163 (마천동 698-7) | G16: 6 | H16: 624 | I16: =G16-J16 -> 0 | J16: 6 | K16: 2 | L16: 0 | M16: 0 | N16: ~ | O16: 1544-8855 | P16: www.lottecinema.co.kr | Q16: 38988
A17: 16 | B17: 인천시 | C17: 연수구 | D17: CGV 인천연수 | E17: 위탁 | F17: 연수구 청능대로 210, 4층 (동춘동 926 스퀘어원쇼핑몰 4층) | G17: 6 | H17: 1127 | I17: 0 | J17: 6 | K17: 2 | L17: 0 | M17: 0 | N17: ~ | O17: 1544-1122 | P17: www.cgv.co.kr | Q17: 41187
A18: 17 | B18: 인천시 | C18: 연수구 | D18: 메가박스 연수 | E18: 직영 | F18: 연수구 벚꽃로 106 광장프라자 (청학동 496-4) | G18: 9 | H18: 1498 | I18: =G18-J18 -> 0 | J18: 9 | K18: 3 | L18: 0 | M18: 0 | N18: ~ | O18: 1544-0070 | P18: www.megabox.co.kr | Q18: 38533
A19: 18 | B19: 인천시 | C19: 중구 | D19: CGV 인천공항 | E19: 직영 | F19: 중구 공항로 272, 지하1층 (운서동 2850) | G19: 2 | H19: 245 | I19: 0 | J19: 2 | K19: 2 | L19: 0 | M19: 0 | N19: ~ | O19: 1544-1122 | P19: www.cgv.co.kr | Q19: 40924
A20: 19 | B20: 인천시 | C20: 중구 | D20: 애관극장 | E20: ~ | F20: 중구 개항로 63-2 (경동 238번지) | G20: 5 | H20: 809 | I20: 0 | J20: 5 | K20: 0 | L20: 0 | M20: 0 | N20: ~ | O20: 761-5951 | P20: www.aekwan.co.kr | Q20: 38002

Sheet 광주
A1: 번호 | B1: 광역단체 | C1: 기초단체 | D1: 영화관명 | E1: 대기업 운영 여부 | F1: 소재지 | G1: 총스크린수 | H1: 총좌석수 | I1: 필름 전용관수 | J1: 디지털 2D 상영관수 | K1: 3D 가능관수 | L1: IMAX 상영관 수 | M1: 4D 상영관수 | N1: 특별관 운영 여부 | O1: 전화번호(062) | P1: 홈페이지 | Q1: 개관일 | R1: 비고
A2: 1 | B2: 광주시 | C2: 광산구 | D2: CGV 광주첨단 | E2: 위탁 | F2: 광산구 임방울대로 826번길, 2층 (쌍암동 667-9) | G2: 9 | H2: 1534 | I2: =G2-J2 -> 0 | J2: 9 | K2: 4 | L2: 0 | M2: 0 | N2: Sweetbox | O2: 1544-1122 | P2: www.cgv.co.kr | Q2: 38729
A3: 2 | B3: 광주시 | C3: 광산구 | D3: 롯데시네마 수완 | E3: 직영 | F3: 광산구 장신로 98 롯데아울렛 (장신동) | G3: 7 | H3: 1397 | I3: 0 | J3: 7 | K3: 5 | L3: 0 | M3: 1 | N3: 수퍼4D, 수퍼사운드 | O3: 1544-8855 | P3: www.lottecinema.co.kr | Q3: 40963
A4: 3 | B4: 광주시 | C4: 광산구 | D4: 메가박스 첨단 | E4: 위탁 | F4: 광산구 앰코로 35 (쌍암동 688-4) | G4: 9 | H4: 1159 | I4: 0 | J4: 9 | K4: 2 | L4: 0 | M4: 0 | N4: ~ | O4: 1544-0070 | P4: www.megabox.co.kr | Q4: 40923
A5: 4 | B5: 광주시 | C5: 광산구 | D5: 메가박스 콜롬버스 하남 | E5: 위탁 | F5: 광산구 풍영철길로 15 (우산동1587-1) | G5: 10 | H5: 1609 | I5: =G5-J5 -> 0 | J5: 10 | K5: 3 | L5: 0 | M5: 0 | N5: ~ | O5: 1544-0070 | P5: www.megabox.co.kr | Q5: 38596
A6: 5 | B6: 광주시 | C6: 동구 | D6: 광주극장 | E6: ~ | F6: 동구 충장로 46번길 10 (충장로 5가 62) | G6: 1 | H6: 850 | I6: =G6-J6 -> 0 | J6: 1 | K6: 0 | L6: 0 | M6: 0 | N6: ~ | O6: 224-5858 | P6: cafe.naver.com/cinemagwangju/ | Q6: 1933-00-00
A7: 6 | B7: 광주시 | C7: 동구 | D7: 광주영상복합문화관 G시네마 | E7: ~ | F7: 동구 제봉로 96 (서석동 47번지 1호) | G7: 1 | H7: 105 | I7: =G7-J7 -> 0 | J7: 1 | K7: 1 | L7: 0 | M7: 0 | N7: ~ | O7: 350-0341 | P7: cafe.naver.com/gcinema | Q7: 40234
A8: 7 | B8: 광주시 | C8: 동구 | D8: 롯데시네마 광주(롯데백화점) | E8: 직영 | F8: 동구 독립로 268 롯데백화점 9층 (대인동 7-1) | G8: 6 | H8: 1024 | I8: =G8-J8 -> 0 | J8: 6 | K8: 3 | L8: 0 | M8: 0 | N8: 1관 샤롯데 | O8: 1544-8855 | P8: www.lottecinema.co.kr | Q8: 2000-07-00
A9: 8 | B9: 광주시 | C9: 동구 | D9: 메가박스 광주(충장로) | E9: 직영 | F9: 동구 중앙로 160번길 16-7 (불로동 1-21) | G9: 9 | H9: 1506 | I9: =G9-J9 -> 0 | J9: 9 | K9: 1 | L9: 0 | M9: 0 | N9: 1관 Table M관, M관 | O9: 1544-0070 | P9: www.megabox.co.kr | Q9: 38743 | R9: (구)씨네씨티
A10: 9 | B10: 광주시 | C10: 동구 | D10: 롯데시네마 충장로 | E10: 위탁 | F10: 동구 충장로안길 12 (황금동 12-2) | G10: 9 | H10: 1101 | I10: 0 | J10: 9 | K10: 2 | L10: 0 | M10: 0 | N10: 씨네커플 | O10: 1544-8855 | P10: www.lottecinema.co.kr | Q10: 41627
A11: 10 | B11: 광주시 | C11: 북구 | D11: 메가박스 전대(광주) | E11: 위탁 | F11: 북구 우치로 60 (중흥동 362-3) | G11: 7 | H11: 1185 | I11: =G11-J11 -> 0 | J11: 7 | K11: 2 | L11: 0 | M11: 0 | N11: ~ | O11: 1544-0070 | P11: www.megabox.co.kr | Q11: 39051
A12: 11 | B12: 광주시 | C12: 북구 | D12: CGV 광주용봉 | E12: 위탁 | F12: 북구 문화소통로 170 (용봉동 17-1 굿모닝타운 4층) | G12: 10 | H12: 1574 | I12: 0 | J12: 10 | K12: 0 | L12: 0 | M12: 0 | N12: ~ | O12: 1544-1122 | P12: www.cgv.co.kr | Q12: 41529
A13: 12 | B13: 광주시 | C13: 서구 | D13: CGV 광주상무 | E13: 직영 | F13: 서구 시청로 67 (프리미엄아울렛) 6층 | G13: 10 | H13: 1610 | I13: 0 | J13: 10 | K13: 0 | L13: 0 | M13: 0 | N13: ~ | O13: 1544-1122 | P13: www.cgv.co.kr | Q13: 2014-06-05 | R13: (구)롯데시네마 상무
A14: 13 | B14: 광주시 | C14: 서구 | D14: CGV 광주터미널 | E14: 직영 | F14: 서구 무진대로 904, 2층~6층 (광천동 49-1 유스퀘어 2~6층) | G14: 9 | H14: 1845 | I14: =G14-J14 -> 0 | J14: 9 | K14: 5 | L14: 1 | M14: 1 | N14: IMAX, 4DX, Sweetbox, Veatbox, ScreenX, CGV 아트하우스 | O14: 1544-1122 | P14: www.cgv.co.kr | Q14: 39954
A15: 14 | B15: 광주시 | C15: 서구 | D15: 메가박스 콜롬버스 상무 | E15: 위탁 | F15: 서구 시청로 60번길 21-6 (치평동 1223-3) | G15: 10 | H15: 1646 | I15: =G15-J15 -> 0 | J15: 10 | K15: 4 | L15: 0 | M15: 0 | N15: ~ | O15: 1544-0070 | P15: www.megabox.co.kr | Q15: 40330

Sheet 대전
A1: 번호 | B1: 광역단체 | C1: 기초단체 | D1: 영화관명 | E1: 대기업 운영 여부 | F1: 소재지 | G1: 총스크린수 | H1: 총좌석수 | I1: 필름 전용관수 | J1: 디지털 2D 상영관수 | K1: 3D 가능관수 | L1: IMAX 상영관 수 | M1: 4D 상영관수 | N1: 특별관 운영 여부 | O1: 전화번호(042) | P1: 홈페이지 | Q1: 개관일 | R1: 비고
A2: 1 | B2: 대전시 | C2: 동구 | D2: CGV 대전터미널 | E2: 직영 | F2: 동구 동서대로 1689, 3층 (용전동 63-3, 68-2) | G2: 7 | H2: 1409 | I2: =G2-J2 -> 0 | J2: 7 | K2: 4 | L2: 0 | M2: 0 | N2: ScreenX, Sweetbox, Veatbox | O2: 1544-1122 | P2: www.cgv.co.kr | Q2: 40899
A3: 2 | B3: 대전시 | C3: 동구 | D3: MCV아카데미 | E3: ~ | F3: 동구 대전로 813번길 9 (정동 26-10) | G3: 6 | H3: 1355 | I3: 0 | J3: 6 | K3: 0 | L3: 0 | M3: 0 | N3: ~ | O3: 1588-5362 | P3: www.mcv.co.kr | Q3: 38608 | R3: 5,6,7관 휴관
A4: 3 | B4: 대전시 | C4: 동구 | D4: 대전아트시네마 | E4: ~ | F4: 동구 중앙로 192, 3층 (중동 27-11) | G4: 1 | H4: 150 | I4: =G4-J4 -> 0 | J4: 1 | K4: 0 | L4: 0 | M4: 0 | N4: ~ | O4: 472-1138 | P4: www.cinei.org | Q4: 38808
A5: 4 | B5: 대전시 | C5: 동구 | D5: CGV 대전가오 | E5: 직영 | F5: 동구 은어송로 72, 4층 (가오동 72 홈플러스 4층) | G5: 7 | H5: 1052 | I5: 0 | J5: 7 | K5: 3 | L5: 0 | M5: 0 | N5: ~ | O5: 1544-1122 | P5: www.cgv.co.kr | Q5: 41340 | R5: (구)롯데시네마 대전가오
A6: 5 | B6: 대전시 | C6: 서구 | D6: 롯데시네마 대전 | E6: 직영 | F6: 서구 계룡로 598 롯데백화점 10층 (괴정동 423-1) | G6: 8 | H6: 1030 | I6: =G6-J6 -> 0 | J6: 8 | K6: 4 | L6: 0 | M6: 0 | N6: ~ | O6: 1544-8855 | P6: www.lottecinema.co.kr | Q6: 2000-05-05
A7: 6 | B7: 대전시 | C7: 서구 | D7: 메가박스 대전 | E7: 직영 | F7: 서구 문정로 77 로데오타운 5층 (탄방동 746) | G7: 8 | H7: 1388 | I7: =G7-J7 -> 0 | J7: 8 | K7: 4 | L7: 0 | M7: 0 | N7: ~ | O7: 1544-0070 | P7: www.megabox.co.kr | Q7: 38306
A8: 7 | B8: 대전시 | C8: 서구 | D8: 롯데시네마 대전둔산 | E8: 직영 | F8: 서구 대덕대로 325 스타게이트 12층 (월평동) | G8: 10 | H8: 1600 | I8: 0 | J8: 10 | K8: 3 | L8: 0 | M8: 0 | N8: ~ | O8: 1544-8855 | P8: www.lottecinema.co.kr | Q8: 41790 | R8: (구)CGV 대전둔산
A9: 8 | B9: 대전시 | C9: 유성구 | D9: CGV 유성노은 | E9: 위탁 | F9: 유성구 노은로 144 노은타운 7층 | G9: 5 | H9: 968 | I9: 0 | J9: 5 | K9: 0 | L9: 0 | M9: 0 | N9: ~ | O9: 1544-1122 | P9: www.cgv.co.kr | Q9: 41948 | R9: (구)씨네위
A10: 9 | B10: 대전시 | C10: 중구 | D10: CGV 대전 | E10: 직영 | F10: 중구 계백로 1700, 6층 (문화동 1-16 세이백화점 6층) | G10: 9 | H10: 1830 | I10: =G10-J10 -> 0 | J10: 9 | K10: 6 | L10: 1 | M10: 1 | N10: 4DX, IMAX, sweetbox, CGV 아트하우스, ScreenX, Veatbox | O10: 1544-1122 | P10: www.cgv.co.kr | Q10: 37121
A13: 2014년 휴폐관 극장
A14: 1 | B14: 대전시 | C14: 유성구 | D14: 씨네위 | E14: ~ | F14: 유성구 지족동 905-4 노은타운 | G14: 5 | H14: 968 | I14: 0 | J14: 5 | K14: 2 | M14: 0 | N14: ~ | O14: 476-1001 | P14: www.cinewe.co.kr | Q14: 38072 | R14: 2014.11.5 CGV 유성노은으로 재개관

Sheet 울산
A1: 번호 | B1: 광역단체 | C1: 기초단체 | D1: 영화관명 | E1: 대기업 운영 여부 | F1: 소재지 | G1: 총스크린수 | H1: 총좌석수 | I1: 필름 전용관수 | J1: 디지털 2D 상영관수 | K1: 3D 가능관수 | L1: IMAX 상영관 수 | M1: 4D 상영관수 | N1: 특별관 운영 여부 | O1: 전화번호(052) | P1: 홈페이지 | Q1: 개관일 | R1: 비고
A2: 1 | B2: 울산시 | C2: 남구 | D2: 롯데시네마 울산 | E2: 직영 | F2: 남구 삼산로 288 (삼산동 1480-1) | G2: 9 | H2: 1369 | I2: =G2-J2 -> 0 | J2: 9 | K2: 6 | L2: 0 | M2: 1 | N2: 수퍼4D, 수퍼바이브, 수퍼사운드 | O2: 1544-8855 | P2: www.lottecinema.co.kr | Q2: 37127
A3: 2 | B3: 울산시 | C3: 남구 | D3: CGV 울산삼산 | E3: 직영 | F3: 남구 화합로 185, 5층 (삼산동 1569-1 업스퀘어 5층) | G3: 11 | H3: 2341 | I3: 0 | J3: 11 | K3: 6 | L3: 1 | M3: 1 | N3: 4DX, IMAX, Sweetbox, Gold Class, ScreenX, Veatbox | O3: 1544-1122 | P3: www.cgv.co.kr | Q3: 41395
A4: 3 | B4: 울산시 | C4: 중구 | D4: 메가박스 울산 | E4: 직영 | F4: 중구 젊음의 거리 73 (성남동 251-8) | G4: 8 | H4: 1066 | I4: =G4-J4 -> 0 | J4: 8 | K4: 3 | L4: 0 | M4: 0 | N4: ~ | O4: 1544-0070 | P4: www.megabox.co.kr | Q4: 38344
A5: 4 | B5: 울산시 | C5: 중구 | D5: 롯데시네마 울산성남 | E5: 직영 | F5: 중구 젊음의 2거리 33 리버플레이스 10층 (성남동) | G5: 7 | H5: 1039 | I5: 0 | J5: 7 | K5: 2 | L5: 0 | M5: 0 | N5: ~ | O5: 1544-8855 | P5: www.lottecinema.co.kr | Q5: 41718 | R5: (구)CGV 울산
A6: 5 | B6: 울산시 | C6: 동구 | D6: 현대예술관 | E6: ~ | F6: 동구 명덕로 10 (서부동 110-1) | G6: 2 | H6: 207 | I6: 0 | J6: 2 | K6: 0 | L6: 0 | M6: 0 | N6: ~ | O6: 235-2100 | P6: www.hyundai-artscenter.co.kr | Q6: 2008-06-13 | R6: 영화관 2개관

Sheet 경기
A1: 번호 | B1: 광역단체 | C1: 기초단체 | D1: 영화관명 | E1: 대기업 운영 여부 | F1: 소재지 | G1: 총스크린수 | H1: 총좌석수 | I1: 필름 전용관수 | J1: 디지털 2D 상영관수 | K1: 3D 가능관수 | L1: IMAX 상영관 수 | M1: 4D 상영관수 | N1: 특별관 운영 여부 | O1: 전화번호 (031) | P1: 홈페이지 | Q1: 개관일 | R1: 비고
A2: 1 | B2: 경기도 | C2: 고양시 | D2: CGV 일산 | E2: 직영 | F2: 고양시 일산동구 정발산로 24 (장항동 867번지 웨스턴돔 3층) | G2: 9 | H2: 1794 | I2: =G2-J2 -> 0 | J2: 9 | K2: 5 | L2: 1 | M2: 1 | N2: 4DX, IMAX, Sweetbox, ScreenX, Veatbox | O2: 1544-1122 | P2: www.cgv.co.kr | Q2: 39170
A3: 2 | B3: 경기도 | C3: 고양시 | D3: CGV 화정 | E3: 위탁 | F3: 고양시 덕양구 화중로 104번길 28, 3층 (화정동 966-1 시네마플러스 401호) | G3: 8 | H3: 886 | I3: 0 | J3: 8 | K3: 3 | L3: 0 | M3: 0 | N3: ~ | O3: 1544-1122 | P3: www.cgv.co.kr | Q3: 41164
A4: 3 | B4: 경기도 | C4: 고양시 | D4: 롯데시네마 라페스타(일산) | E4: 직영 | F4: 고양시 일산동구 무궁화로 32-34, 3층 (장항동 764, 765 라페스타 C,D동 3층) | G4: 8 | H4: 1499 | I4: =G4-J4 -> 0 | J4: 8 | K4: 5 | L4: 0 | M4: 0 | N4: ~ | O4: 1544-8855 | P4: www.lottecinema.co.kr | Q4: 37819
A5: 4 | B5: 경기도 | C5: 고양시 | D5: 롯데시네마 주엽(일산) | E5: 직영 | F5: 고양시 일산서구 중앙로 1436 그랜드백화점 9층 (주엽2동) | G5: 9 | H5: 1241 | I5: =G5-J5 -> 0 | J5: 9 | K5: 2 | L5: 0 | M5: 0 | N5: 아르떼 | O5: 1544-8855 | P5: www.lottecinema.co.kr | Q5: 40847
A6: 5 | B6: 경기도 | C6: 고양시 | D6: 메가박스 백석 | E6: 직영 | F6: 고양시 일산동구 중앙로 1036 고양종합터미널 5층 | G6: 7 | H6: 1224 | I6: 0 | J6: 7 | K6: 3 | L6: 0 | M6: 0 | N6: Table M관, M관 | O6: 1544-0070 | P6: www.megabox.co.kr | Q6: 41243
A7: 6 | B7: 경기도 | C7: 고양시 | D7: 메가박스 일산 | E7: 위탁 | F7: 고양시 일산서구 덕이로 20 (덕이동 219-8) | G7: 8 | H7: 1101 | I7: =G7-J7 -> 0 | J7: 8 | K7: 2 | L7: 0 | M7: 0 | N7: ~ | O7: 1544-0070 | P7: www.megabox.co.kr | Q7: 39274
A8: 7 | B8: 경기도 | C8: 고양시 | D8: 메가박스 킨텍스 | E8: 직영 | F8: 고양시 일산서구 호수로 817 레이킨스몰 3층 (대화동) | G8: 8 | H8: 1600 | I8: =G8-J8 -> 0 | J8: 8 | K8: 0 | L8: 0 | M8: 0 | N8: Table M관, M관, The First Club | O8: 1544-0070 | P8: www.megabox.co.kr | Q8: 40430
A9: 8 | B9: 경기도 | C9: 광명시 | D9: CGV 광명철산 | E9: 위탁 | F9: 광명시 철산로 30번길 14 (철산동 436 덕수빌딩 4층) | G9: 6 | H9: 476 | I9: 0 | J9: 6 | K9: 0 | L9: 0 | M9: 0 | N9: ~ | O9: 1544-1122 | P9: www.cgv.co.kr | Q9: 41663 | R9: (구)프리머스 광명
A10: 9 | B10: 경기도 | C10: 광명시 | D10: 롯데시네마 광명아울렛 | E10: 직영 | F10: 광명시 일직로 17 롯데프리미엄아울렛 광명점 5층 | G10: 7 | H10: 1218 | I10: 0 | J10: 7 | K10: 2 | L10: 0 | M10: 0 | N10: 수퍼플렉스 | O10: 1544-8855 | P10: www.lottecinema.co.kr | Q10: 41978
A11: 10 | B11: 경기도 | C11: 광주시 | D11: 롯데시네마 광주터미널 | E11: 직영 | F11: 광주시 광주대로 30 2층 (경안동 25-3 광주버스터미널 2층) | G11: 3 | H11: 215 | I11: 0 | J11: 3 | K11: 2 | L11: 0 | M11: 0 | N11: ~ | O11: 1544-8855 | P11: www.lottecinema.co.kr | Q11: 41117
A12: 11 | B12: 경기도 | C12: 구리시 | D12: 롯데시네마 구리 | E12: 직영 | F12: 구리시 경춘로 243 (인창동 676-2) | G12: 7 | H12: 1303 | I12: =G12-J12 -> 0 | J12: 7 | K12: 5 | L12: 0 | M12: 0 | N12: ~ | O12: 1544-8855 | P12: www.lottecinema.co.kr | Q12: 38890
A13: 12 | B13: 경기도 | C13: 구리시 | D13: 롯데시네마 구리아울렛 | E13: 직영 | F13: 구리시 동구릉로 136번길 47 | G13: 7 | H13: 1052 | I13: 0 | J13: 7 | K13: 2 | L13: 0 | M13: 0 | N13: ~ | O13: 1544-8855 | P13: www.lottecinema.co.kr | Q13: 41997
A14: 13 | B14: 경기도 | C14: 군포시 | D14: 롯데시네마 산본 | E14: 위탁 | F14: 군포시 번영로 505 (산본동 1142-2,3 대우디오플러스 4층) | G14: 6 | H14: 704 | I14: =G14-J14 -> 0 | J14: 6 | K14: 2 | L14: 0 | M14: 0 | N14: ~ | O14: 1544-8855 | P14: www.lottecinema.co.kr | Q14: 39037 | R14: (구)CNI시네마
A15: 14 | B15: 경기도 | C15: 김포시 | D15: CGV 김포 | E15: 위탁 | F15: 김포시 사우동 928 | G15: 5 | H15: 500 | I15: 0 | J15: 5 | K15: 0 | L15: 0 | M15: 0 | N15: ~ | O15: 1544-1122 | P15: www.cgv.co.kr | Q15: 37570 | R15: (구)프리머스 김포
A16: 15 | B16: 경기도 | C16: 김포시 | D16: CGV 김포운양 | E16: 직영 | F16: 김포시 김포한강 11로 288-31 에이스프라자 7층 | G16: 4 | H16: 424 | I16: 0 | J16: 4 | K16: 2 | L16: 0 | M16: 0 | N16: ~ | O16: 1544-1122 | P16: www.cgv.co.kr | Q16: 41943
A17: 16 | B17: 경기도 | C17: 김포시 | D17: CGV 김포풍무 | E17: 직영 | F17: 김포시 풍무로 167, 지하1층 (풍무동 38-1 홈플러스 지하1층) | G17: 2 | H17: 192 | I17: =G17-J17 -> 0 | J17: 2 | K17: 1 | L17: 0 | M17: 0 | N17: ~ | O17: 1544-1122 | P17: www.cgv.co.kr | Q17: 40794
A18: 17 | B18: 경기도 | C18: 김포시 | D18: 메가박스 김포 | E18: 위탁 | F18: 김포시 걸포로 6 (걸포동 미도프라자 7~8층) | G18: 4 | H18: 479 | I18: 0 | J18: 4 | K18: 1 | L18: 0 | M18: 0 | N18: Table M관 | O18: 1544-0070 | P18: www.megabox.co.kr | Q18: 41695
A19: 18 | B19: 경기도 | C19: 남양주시 | D19: 롯데시네마 진접 | E19: 직영 | F19: 남양주시 진접읍 해밀예당1로 36 래일스타 9층 (금곡리 1081-2) | G19: 3 | H19: 320 | I19: =G19-J19 -> 0 | J19: 3 | K19: 2 | L19: 0 | M19: 0 | N19: ~ | O19: 1544-8855 | P19: www.lottecinema.co.kr | Q19: 40534
A20: 19 | B20: 경기도 | C20: 남양주시 | D20: 메가박스 남양주 | E20: 위탁 | F20: 남양주시 늘을2로 26 메인씨네마타워 8,9층 (호평동 640) | G20: 8 | H20: 1149 | I20: 0 | J20: 8 | K20: 3 | L20: 0 | M20: 0 | N20: ~ | O20: 1544-0070 | P20: www.megabox.co.kr | Q20: 40617
A21: 20 | B21: 경기도 | C21: 남양주시 | D21: 메가박스 별내 | E21: 위탁 | F21: 남양주시 두물로 19 (별내동 황산빌딩) | G21: 3 | H21: 331 | I21: 0 | J21: 3 | K21: 2 | L21: 0 | M21: 0 | N21: ~ | O21: 1544-0070 | P21: www.megabox.co.kr | Q21: 41996
A22: 21 | B22: 경기도 | C22: 남양주시 | D22: 롯데시네마 마석 | E22: 직영 | F22: 남양주시 화도읍 경춘로 1992 (마석우리 255-24) | G22: 2 | H22: 172 | I22: 0 | J22: 2 | K22: 2 | L22: 0 | M22: 0 | N22: ~ | O22: 1544-8855 | P22: www.lottecinema.co.kr | Q22: 41452
A23: 22 | B23: 경기도 | C23: 동두천시 | D23: 동광극장 | E23: ~ | F23: 동두천시 동광로 33 (중앙동 828) | G23: 1 | H23: 283 | I23: 0 | J23: 1 | K23: 0 | L23: 0 | M23: 0 | N23: ~ | O23: 867-3030 | P23: dgt.movieplus.or.kr/ | Q23: 31594 | R23: (구)동광극장
A24: 23 | B24: 경기도 | C24: 동두천시 | D24: 문화극장 | E24: ~ | F24: 동두천시 동광로 66 (생연3동 616) | G24: 2 | H24: 293 | I24: 0 | J24: 2 | K24: 1 | L24: 0 | M24: 0 | N24: ~ | O24: 863-3000 | P24: mht.movieplus.or.kr/ | Q24: 26299
A25: 24 | B25: 경기도 | C25: 부천시 | D25: CGV 부천 | E25: 직영 | F25: 부천시 원미구 길주로 180, 5층 (중동 1164 로담코 플라자 5~7층) | G25: 8 | H25: 1450 | I25: =G25-J25 -> 0 | J25: 8 | K25: 4 | L25: 0 | M25: 1 | N25: 4DX, Sweetbox, ScreenX, Veatbox | O25: 1544-1122 | P25: www.cgv.co.kr | Q25: 37855
A26: 25 | B26: 경기도 | C26: 부천시 | D26: CGV 소풍 | E26: 직영 | F26: 부천시 원미구 송내대로 239, 6층 (상동 539-1 소풍 6,7층) | G26: 11 | H26: 1725 | I26: 0 | J26: 11 | K26: 3 | L26: 1 | M26: 0 | N26: IMAX, CGV 아트하우스 | O26: 1544-1122 | P26: www.cgv.co.kr | Q26: 39337 | R26: (구)프리머스 소풍
A27: 26 | B27: 경기도 | C27: 부천시 | D27: CGV 역곡 | E27: 직영 | F27: 부천시 소사구 경인로 505, 6층 (괴안동 역곡하이뷰 6층) | G27: 6 | H27: 776 | I27: =G27-J27 -> 0 | J27: 6 | K27: 3 | L27: 0 | M27: 0 | N27: ~ | O27: 1544-1122 | P27: www.cgv.co.kr | Q27: 38714
A28: 27 | B28: 경기도 | C28: 부천시 | D28: 롯데시네마 부천(신중동역) | E28: 직영 | F28: 원미구 길주로 289 (중동 1141-2) | G28: 8 | H28: 1347 | I28: =G28-J28 -> 0 | J28: 8 | K28: 3 | L28: 0 | M28: 0 | N28: ~ | O28: 1544-8855 | P28: www.lottecinema.co.kr | Q28: 40619
A29: 28 | B29: 경기도 | C29: 부천시 | D29: 롯데시네마 부천역 | E29: 위탁 | F29: 원미구 부천로 11 (심곡동) | G29: 9 | H29: 789 | I29: 0 | J29: 9 | K29: 2 | L29: 0 | M29: 0 | N29: ~ | O29: 1544-8855 | P29: www.lottecinema.co.kr | Q29: 41312 | R29: (구)더잼
A30: 29 | B30: 경기도 | C30: 부천시 | D30: 한국만화영상진흥원 | E30: ~ | F30: 부천시 원미구 길주로 1 (상3동 529-2) | G30: 1 | H30: 386 | I30: 0 | J30: 1 | K30: 1 | L30: 0 | M30: 0 | N30: ~ | O30: 310-3093 | P30: www.comicsmuseum.org | Q30: 40038
A31: 30 | B31: 경기도 | C31: 부천시 | D31: CGV 부천역 | E31: 직영 | F31: 부천시 원미구 부일로 460 | G31: 8 | H31: 1271 | I31: 0 | J31: 8 | K31: 1 | L31: 0 | M31: 0 | N31: ~ | O31: 1544-1122 | P31: www.cgv.co.kr | Q31: 41795 | R31: (구)MMC부천 ->(구)메가박스 부천MMC
A32: 31 | B32: 경기도 | C32: 성남시 | D32: CGV 야탑 | E32: 직영 | F32: 성남시 분당구 성남대로 925번길 16, 지하2층 (야탑동 341 테마폴리스빌딩 지하2층) | G32: 8 | H32: 1326 | I32: =G32-J32 -> 0 | J32: 8 | K32: 5 | L32: 0 | M32: 0 | N32: Sweetbox, Veatbox | O32: 1544-1122 | P32: www.cgv.co.kr | Q32: 36617
A33: 32 | B33: 경기도 | C33: 성남시 | D33: CGV 오리 | E33: 직영 | F33: 성남시 분당구 탄천상로 151번길 20 (구미동 159 월드쇼핑 4층) | G33: 10 | H33: 1571 | I33: =G33-J33 -> 0 | J33: 10 | K33: 5 | L33: 0 | M33: 0 | N33: Gold Class, CGV 아트하우스, Sweetbox, Screenx | O33: 1544-1122 | P33: www.cgv.co.kr | Q33: 36617
A34: 33 | B34: 경기도 | C34: 성남시 | D34: 롯데시네마 성남 | E34: 위탁 | F34: 성남시 중원구 성남대로 1136 (성남동 3499) | G34: 6 | H34: 667 | I34: 0 | J34: 6 | K34: 0 | L34: 0 | M34: 0 | N34: ~ | O34: 1544-8855 | P34: www.lottecinema.co.kr | Q34: 38715
A35: 34 | B35: 경기도 | C35: 성남시 | D35: 롯데시네마 성남신흥 | E35: 위탁 | F35: 성남시 수정구 산성대로 331 (신흥동2동 2463-4) | G35: 6 | H35: 1142 | I35: 0 | J35: 6 | K35: 0 | L35: 0 | M35: 0 | N35: ~ | O35: 1544-8855 | P35: www.lottecinema.co.kr | Q35: 39345
A36: 35 | B36: 경기도 | C36: 성남시 | D36: 메가박스 분당 | E36: 직영 | F36: 성남시 분당구 황새울로 32 (서현동 262-2) | G36: 6 | H36: 791 | I36: 0 | J36: 6 | K36: 3 | L36: 0 | M36: 0 | N36: Boutique M, Balcony M | O36: 1544-0070 | P36: www.megabox.co.kr | Q36: 37100 | R36: (구) 시네플라자
A37: 36 | B37: 경기도 | C37: 성남시 | D37: CGV 서현 | E37: 직영 | F37: 성남시 분당구 서현로 180번길 19 비전월드빌딩 1층 | G37: 4 | H37: 455 | I37: 0 | J37: 4 | K37: 0 | L37: 0 | M37: 0 | N37: ~ | O37: 1544-1122 | P37: www.cgv.co.kr | Q37: 41865
A38: 37 | B38: 경기도 | C38: 수원시 | D38: CGV 동수원 | E38: 직영 | F38: 수원시 팔달구 권광로 181, 7층 (인계동 113-11 12번지 7~10) | G38: 8 | H38: 1275 | I38: =G38-J38 -> 0 | J38: 8 | K38: 4 | L38: 0 | M38: 1 | N38: 4DX, CGV 아트하우스, ScreenX, Veatbox | O38: 1544-1122 | P38: www.cgv.co.kr | Q38: 38981
A39: 38 | B39: 경기도 | C39: 수원시 | D39: CGV 북수원 | E39: 직영 | F39: 수원시 장안구 경수대로 950, 4층 (조원동 893 아일렛타운 4층) | G39: 8 | H39: 1268 | I39: =G39-J39 -> 0 | J39: 8 | K39: 4 | L39: 0 | M39: 0 | N39: Sweetbox, Veatbox | O39: 1544-1122 | P39: www.cgv.co.kr | Q39: 38981
A40: 39 | B40: 경기도 | C40: 수원시 | D40: CGV 수원 | E40: 직영 | F40: 수원시 팔달구 덕영대로 924, 6층 (매산로 1가) | G40: 8 | H40: 2236 | I40: =G40-J40 -> 0 | J40: 8 | K40: 4 | L40: 1 | M40: 0 | N40: IMAX, Sweetbox, Veatbox, ScreenX | O40: 1544-1122 | P40: www.cgv.co.kr | Q40: 37300
A41: 40 | B41: 경기도 | C41: 수원시 | D41: 메가박스 수원 | E41: 직영 | F41: 수원시 권선구 경수대로 270 (권선동 1189) | G41: 5 | H41: 1050 | I41: 0 | J41: 5 | K41: 1 | L41: 0 | M41: 0 | N41: ~ | O41: 1544-0070 | P41: www.megabox.co.kr | Q41: 37205
A42: 41 | B42: 경기도 | C42: 수원시 | D42: 메가박스 수원남문 | E42: 위탁 | F42: 수원시 팔달구 행궁로 71 | G42: 4 | H42: 607 | I42: 0 | J42: 4 | K42: 1 | L42: 0 | M42: 0 | N42: ~ | O42: 1544-0070 | P42: www.megabox.co.kr | Q42: 41629
A43: 42 | B43: 경기도 | C43: 수원시 | D43: 메가박스 영통 | E43: 직영 | F43: 수원시 영통구 봉영로 1579 롯데쇼핑플라자 5층 (영통동 960-1) | G43: 11 | H43: 1746 | I43: 0 | J43: 11 | K43: 4 | L43: 0 | M43: 0 | N43: 1관 M2관, Mega Kids Box | O43: 1544-0070 | P43: www.megabox.co.kr | Q43: 39534
A44: 43 | B44: 경기도 | C44: 수원시 | D44: 롯데시네마 수원 | E44: 직영 | F44: 수원시 권선구 세화로 134 롯데몰수원 5층 | G44: 8 | H44: 1995 | I44: 0 | J44: 8 | K44: 4 | L44: 0 | M44: 1 | N44: 1관 수퍼플렉스, 2관 수퍼사운드, 수퍼4D | O44: 1544-8855 | P44: www.lottecinema.co.kr | Q44: 41960
A45: 44 | B45: 경기도 | C45: 시흥시 | D45: CGV 시흥 | E45: 위탁 | F45: 시흥시 복지로 90 (대야동 568-1 시네마타워 6층) | G45: 4 | H45: 563 | I45: 0 | J45: 4 | K45: 0 | L45: 0 | M45: 0 | N45: ~ | O45: 1544-1122 | P45: www.cgv.co.kr | Q45: 39506
A46: 45 | B46: 경기도 | C46: 시흥시 | D46: 롯데시네마 시화 | E46: 직영 | F46: 시흥시 마유로 418번길 10 (정왕동 876-408) | G46: 8 | H46: 1140 | I46: =G46-J46 -> 0 | J46: 8 | K46: 2 | L46: 0 | M46: 0 | N46: ~ | O46: 1544-8855 | P46: www.lottecinema.co.kr | Q46: 40488
A47: 46 | B47: 경기도 | C47: 안산시 | D47: CGV 안산 | E47: 위탁 | F47: 안산시 단원구 광덕대로 194 (고잔동 725-1 스타맥스타워 5층) | G47: 8 | H47: 1567 | I47: 0 | J47: 8 | K47: 2 | L47: 0 | M47: 0 | N47: ~ | O47: 1544-1122 | P47: www.cgv.co.kr | Q47: 39590
A48: 47 | B48: 경기도 | C48: 안산시 | D48: 롯데시네마 센트럴락(안산) | E48: 직영 | F48: 안산시 단원구 고잔로 108, 7층 (고잔2동) | G48: 9 | H48: 1429 | I48: =G48-J48 -> 0 | J48: 9 | K48: 2 | L48: 0 | M48: 0 | N48: ~ | O48: 1544-8855 | P48: www.lottecinema.co.kr | Q48: 39114
A49: 48 | B49: 경기도 | C49: 안산시 | D49: 롯데시네마 안산(롯데마트) | E49: 직영 | F49: 안산시 상록구 충장로 427 롯데마트 안산점 4층 (성포동 590) | G49: 8 | H49: 1607 | I49: =G49-J49 -> 0 | J49: 8 | K49: 6 | L49: 0 | M49: 0 | N49: 1관 샤롯데 | O49: 1544-8855 | P49: www.lottecinema.co.kr | Q49: 38603
A50: 49 | B50: 경기도 | C50: 안산시 | D50: 메가박스 안산 | E50: 위탁 | F50: 안산시 단원구 광덕대로 141 밀레니엄빌딩 7층 (고잔동 717-2) | G50: 8 | H50: 2060 | I50: =G50-J50 -> 0 | J50: 8 | K50: 3 | L50: 0 | M50: 0 | N50: ~ | O50: 1544-0070 | P50: www.megabox.co.kr | Q50: 40255
A51: 50 | B51: 경기도 | C51: 안산시 | D51: 명화극장 | E51: ~ | F51: 안산시 단원구 중앙대로 921 (고잔동) | G51: 1 | H51: 222 | I51: 0 | J51: 1 | K51: 0 | L51: 0 | M51: 0 | N51: ~ | O51: 480-3827 | Q51: 41274
A52: 51 | B52: 경기도 | C52: 안산시 | D52: 프리머스 안산 메가넥스 | E52: 위탁 | F52: 안산시 단원구 고잔2길 41 (고잔2동 535-1) | G52: 7 | H52: 868 | I52: 0 | J52: 7 | K52: 0 | L52: 0 | M52: 0 | N52: ~ | O52: 1544-5522 | P52: www.primuscinema.com | Q52: 37972
A53: 52 | B53: 경기도 | C53: 안성시 | D53: 롯데시네마 안성 | E53: 직영 | F53: 안성시 공도읍 서동대로 4478 롯데마트 1층 (양기리 306-1) | G53: 2 | H53: 164 | I53: 0 | J53: 2 | K53: 2 | L53: 0 | M53: 0 | N53: ~ | O53: 1544-8855 | P53: www.lottecinema.co.kr | Q53: 41474
A54: 53 | B54: 경기도 | C54: 안양시 | D54: CGV 안양 | E54: 위탁 | F54: 안양시 만안구 안양로 311, 9층 (안양동 676-1 CGV 일번가 빌딩 9층) | G54: 8 | H54: 852 | I54: =G54-J54 -> 0 | J54: 8 | K54: 4 | L54: 0 | M54: 0 | N54: ~ | O54: 1544-1122 | P54: www.cgv.co.kr | Q54: 38108
A55: 54 | B55: 경기도 | C55: 안양시 | D55: CGV 평촌 | E55: 직영 | F55: 안양시 동안구 관평로 170번길 33, 8층 (관양동 1606) | G55: 10 | H55: 1391 | I55: 0 | J55: 10 | K55: 2 | L55: 0 | M55: 0 | N55: ~ | O55: 1544-1122 | P55: www.cgv.co.kr | Q55: 40380
A56: 55 | B56: 경기도 | C56: 안양시 | D56: 롯데시네마 안양(안양역) | E56: 직영 | F56: 안양시 만안구 만안로 244 롯데백화점 8층 (안양1동 88-1) | G56: 7 | H56: 1116 | I56: =G56-J56 -> 0 | J56: 7 | K56: 6 | L56: 0 | M56: 0 | N56: ~ | O56: 1544-8855 | P56: www.lottecinema.co.kr | Q56: 37386
A57: 56 | B57: 경기도 | C57: 안양시 | D57: 롯데시네마 평촌 | E57: 직영 | F57: 안양시 동안구 시민대로 180, 8층 (호계동 1039) | G57: 8 | H57: 1421 | I57: 0 | J57: 8 | K57: 6 | L57: 0 | M57: 1 | N57: 샤롯데, 수퍼4D, 수퍼바이브, 수퍼사운드 | O57: 1544-8855 | P57: www.lottecinema.co.kr | Q57: 40997
A58: 57 | B58: 경기도 | C58: 안양시 | D58: CGV 범계 | E58: 위탁 | F58: 안양시 동안구 동안로 119, 11층 (호계동 1139-3 뉴코아아울렛 11층) | G58: 6 | H58: 620 | I58: 0 | J58: 6 | K58: 0 | L58: 0 | M58: 0 | N58: ~ | O58: 1544-1122 | P58: www.cgv.co.kr | Q58: 41410 | R58: (구)프리머스 평촌
A59: 58 | B59: 경기도 | C59: 안양시 | D59: 롯데시네마 인덕원 | E59: 직영 | F59: 안양시 동안구 흥안대로 519번길 아이퍼스트타워 7층 (관양동 1502-6) | G59: 6 | H59: 916 | I59: 0 | J59: 6 | K59: 2 | L59: 0 | M59: 0 | N59: ~ | O59: 1544-8855 | P59: www.lottecinema.co.kr | Q59: 41565 | R59: (구)메가박스 인덕원
A60: 59 | B60: 경기도 | C60: 양주시 | D60: 롯데시네마 양주고읍 | E60: 직영 | F60: 양주시 고읍남로 6-16 (광사동 651-6) | G60: 3 | H60: 339 | I60: 0 | J60: 3 | K60: 3 | L60: 0 | M60: 0 | N60: ~ | O60: 1544-8855 | P60: www.lottecinema.co.kr | Q60: 41018
A61: 60 | B61: 경기도 | C61: 양주시 | D61: 메가박스 양주 | E61: 위탁 | F61: 양주시 고읍남로 6-6 해동센트럴타워 9층 (광사동 651) | G61: 4 | H61: 550 | I61: 0 | J61: 4 | K61: 2 | L61: 0 | M61: 0 | N61: ~ | O61: 1544-0070 | P61: www.megabox.co.kr | Q61: 40894
A62: 61 | B62: 경기도 | C62: 양평군 | D62: 양평시네마 | E62: ~ | F62: 양평군 양평읍 양근로 167 (양근리 422-2) | G62: 1 | H62: 153 | I62: 0 | J62: 1 | K62: 0 | L62: 0 | M62: 0 | N62: ~ | O62: 771-2154 | P62: www.ypcinema.com | Q62: 16372
A63: 62 | B63: 경기도 | C63: 여주시 | D63: 월드시네마 | E63: ~ | F63: 여주시 세종로 79번길 8 (홍문동 273) | G63: 3 | H63: 325 | I63: 0 | J63: 3 | K63: 0 | L63: 0 | M63: 0 | N63: ~ | O63: 886-2603 | P63: wdcinema.co.kr | Q63: 38255 | R63: 2012.12.28 디지털상영관으로 전환
A64: 63 | B64: 경기도 | C64: 오산시 | D64: 오산시네마 | E64: ~ | F64: 오산시 원동로 37번길 46 (원동 763-21) | G64: 6 | H64: 571 | I64: 0 | J64: 6 | K64: 2 | L64: 0 | M64: 0 | N64: ~ | O64: 1588-5342 | P64: www.osancinema.com | Q64: 39273
A65: 64 | B65: 경기도 | C65: 오산시 | D65: 프리머스 오산 | E65: 위탁 | F65: 오산시 경기대로 198, 4~6층 (원동 300-8 씨네마아울렛 4층~6층) | G65: 6 | H65: 823 | I65: 0 | J65: 6 | K65: 0 | L65: 0 | M65: 0 | N65: ~ | O65: 1544-5522 | P65: www.primuscinema.com | Q65: 38555
A66: 65 | B66: 경기도 | C66: 용인시 | D66: CGV 동백 | E66: 위탁 | F66: 용인시 기흥구 동백죽전대로 444 (중동 833 쥬네브썬월드) | G66: 8 | H66: 1144 | I66: =G66-J66 -> 0 | J66: 8 | K66: 3 | L66: 0 | M66: 0 | N66: ~ | O66: 1544-1122 | P66: www.cgv.co.kr | Q66: 40681
A67: 66 | B67: 경기도 | C67: 용인시 | D67: CGV 죽전 | E67: 직영 | F67: 용인시 수지구 포은대로 536, 8층 (죽전동 1285번지 신세계백화점) | G67: 8 | H67: 1819 | I67: 0 | J67: 8 | K67: 5 | L67: 0 | M67: 1 | N67: 4DX, Sweetbox, ScreenX, Veatbox | O67: 1544-1122 | P67: www.cgv.co.kr | Q67: 39163
A68: 67 | B68: 경기도 | C68: 용인시 | D68: 롯데시네마 용인 | E68: 위탁 | F68: 용인시 처인구 금령로 86 (김량장동 301-3) | G68: 8 | H68: 1398 | I68: 0 | J68: 8 | K68: 3 | L68: 0 | M68: 0 | N68: ~ | O68: 1544-8855 | P68: www.lottecinema.co.kr | Q68: 40052
A69: 68 | B69: 경기도 | C69: 의정부시 | D69: CGV 의정부 | E69: 직영 | F69: 의정부시 평화로 525, 10층 (의정부동 168) | G69: 8 | H69: 1443 | I69: 0 | J69: 8 | K69: 4 | L69: 0 | M69: 0 | N69: Sweetbox, Veatbox, ScreenX | O69: 1544-1122 | P69: www.cgv.co.kr | Q69: 41019
A70: 69 | B70: 경기도 | C70: 의정부시 | D70: CGV 의정부태흥 | E70: 직영 | F70: 의정부시 시민로 80 (센트럴타워) 15층 | G70: 9 | H70: 1362 | I70: 0 | J70: 9 | K70: 2 | L70: 0 | M70: 0 | N70: ~ | O70: 1544-1122 | P70: www.cgv.co.kr | Q70: 41662
A71: 70 | B71: 경기도 | C71: 이천시 | D71: 씨네7 | E71: ~ | F71: 이천시 영창로 196 (창전동 162 혜성빌딩 4~5층) | G71: 7 | H71: 710 | I71: 0 | J71: 7 | K71: 1 | L71: 0 | M71: 0 | N71: ~ | O71: 1544-3391 | P71: www.cine7.co.kr | Q71: 37568
A72: 71 | B72: 경기도 | C72: 파주시 | D72: 롯데시네마 파주아울렛 | E72: 직영 | F72: 파주시 문발로 284 롯데프리미엄아울렛파주점 B블럭 3,4층 (교하읍 문발리 104-1) | G72: 7 | H72: 1518 | I72: =G72-J72 -> 0 | J72: 7 | K72: 7 | L72: 0 | M72: 0 | N72: ~ | O72: 1544-8855 | P72: www.lottecinema.co.kr | Q72: 40851
A73: 72 | B73: 경기도 | C73: 파주시 | D73: 메가박스 파주금촌 | E73: 위탁 | F73: 파주시 중앙로 328 MH타워 4층 (금촌동) | G73: 5 | H73: 573 | I73: 0 | J73: 5 | K73: 1 | L73: 0 | M73: 0 | N73: Table M관 | O73: 1544-0070 | P73: www.megabox.co.kr | Q73: 41996
A74: 73 | B74: 경기도 | C74: 파주시 | D74: 메가박스 파주출판도시 | E74: 직영 | F74: 파주시 문발로 220 이채쇼핑몰 C동 (교하읍 문발리 510-) | G74: 9 | H74: 1636 | I74: 0 | J74: 9 | K74: 2 | L74: 0 | M74: 0 | N74: ~ | O74: 1544-0070 | P74: www.megabox.co.kr | Q74: 38183 | R74: 2012.5.8 메가박스 이채->메가박스 파주출판도시로 명칭변경
A75: 74 | B75: 경기도 | C75: 파주시 | D75: CGV 파주문산 | E75: 직영 | F75: 파주시 문산읍 방촌로 1719-10, 3층 | G75: 3 | H75: 341 | I75: 0 | J75: 3 | K75: 2 | L75: 0 | M75: 0 | N75: ~ | O75: 1544-1122 | P75: www.cgv.co.kr | Q75: 41843
A76: 75 | B76: 경기도 | C76: 평택시 | D76: CGV 평택 | E76: 직영 | F76: 평택시 평택로 51, 8층 (평택동 186-3 평택민자역사 8층) | G76: 8 | H76: 1303 | I76: =G76-J76 -> 0 | J76: 8 | K76: 5 | L76: 0 | M76: 0 | N76: Sweetbox, Veatbox, ScreenX | O76: 1544-1122 | P76: www.cgv.co.kr | Q76: 39927 | R76: 2014.12.17 8관 116석 추가
A77: 76 | B77: 경기도 | C77: 평택시 | D77: CGV 평택비전 | E77: 위탁 | F77: 평택시 경기대로 279, 10층 (비전2동 830번지) | G77: 5 | H77: 432 | I77: 0 | J77: 5 | K77: 1 | L77: 0 | M77: 0 | N77: ~ | O77: 1544-1122 | P77: www.cgv.co.kr | Q77: 41730 | R77: (구)프리머스 평택
A78: 77 | B78: 경기도 | C78: 평택시 | D78: 롯데시네마 송탄 | E78: 위탁 | F78: 평택시 관광특구로 17 (서정동 818-35) | G78: 5 | H78: 939 | I78: 0 | J78: 5 | K78: 1 | L78: 0 | M78: 0 | N78: ~ | O78: 1544-8855 | P78: www.lottecinema.co.kr | Q78: 39697
A79: 78 | B79: 경기도 | C79: 평택시 | D79: 메가박스 평택 | E79: 직영 | F79: 평택시 중앙로 46, 6층 (평택동 35-3) | G79: 8 | H79: 1072 | I79: =G79-J79 -> 0 | J79: 8 | K79: 3 | L79: 0 | M79: 0 | N79: ~ | O79: 1544-0070 | P79: www.megabox.co.kr | Q79: 39261
A80: 79 | B80: 경기도 | C80: 화성시 | D80: CGV 동탄 | E80: 직영 | F80: 화성시 동탄중앙로 220, 3층 (반송동 96,98번지 메타폴리스복합단지) | G80: 8 | H80: 1475 | I80: =G80-J80 -> 0 | J80: 8 | K80: 4 | L80: 0 | M80: 0 | N80: Sweetbox, Veatbox | O80: 1544-1122 | P80: www.cgv.co.kr | Q80: 40474
A81: 80 | B81: 경기도 | C81: 화성시 | D81: CGV 동탄스타 | E81: 위탁 | F81: 화성시 동탄지성로 11, 7층 (반송동 93-2 동탄 시네스타 7층) | G81: 8 | H81: 1319 | I81: =G81-J81 -> 0 | J81: 8 | K81: 3 | L81: 0 | M81: 0 | N81: ~ | O81: 1544-1122 | P81: www.cgv.co.kr | Q81: 40376
A82: 81 | B82: 경기도 | C82: 화성시 | D82: 롯데시네마 병점 | E82: 직영 | F82: 화성시 효행로 1052 (병점동 844-1번지) | G82: 8 | H82: 1151 | I82: =G82-J82 -> 0 | J82: 8 | K82: 2 | L82: 0 | M82: 0 | N82: ~ | O82: 1544-8855 | P82: www.lottecinema.co.kr | Q82: 38988
A86: 2014년 휴폐관 극장
A87: 1 | B87: 경기도 | C87: 의정부시 | D87: THC9(태흥시네플렉스) | E87: ~ | F87: 의정부시 의정부동 494 센트럴타워 15층 | G87: 9 | H87: 1362 | I87: 0 | J87: 9 | K87: 2 | M87: 0 | N87: ~ | O87: 870-2222 | P87: www.thc9.co.kr | Q87: 38597 | R87: CGV 의정부태흥으로 전환
A88: 2 | B88: 경기도 | C88: 광명시 | D88: CGV 광명 | E88: 직영 | F88: 광명시 광명동 150-9 ㈜크로앙스 7층 | G88: 6 | H88: 1030 | I88: =G88-J88 -> 0 | J88: 6 | K88: 3 | L88: 0 | M88: 0 | N88: ~ | O88: 1544-1122 | P88: www.cgv.co.kr | Q88: 38498 | R88: 2014.12.23 영업종료

Sheet 강원
A1: 번호 | B1: 광역단체 | C1: 기초단체 | D1: 영화관명 | E1: 대기업 운영 여부 | F1: 소재지 | G1: 총스크린수 | H1: 총좌석수 | I1: 필름 전용관수 | J1: 디지털 2D 상영관수 | K1: 3D 가능관수 | L1: IMAX 상영관 수 | M1: 4D 상영관수 | N1: 특별관 운영 여부 | O1: 전화번호(033) | P1: 홈페이지 | Q1: 개관일 | R1: 비고
A2: 1 | B2: 강원도 | C2: 강릉시 | D2: CGV 강릉 | E2: 직영 | F2: 강릉시 경강로 2120, 6층~8층 (옥천동 189) | G2: 8 | H2: 1295 | I2: 0 | J2: 8 | K2: 3 | L2: 0 | M2: 0 | N2: Sweetbox, ScreenX | O2: 1544-1122 | P2: www.cgv.co.kr | Q2: 41074
A3: 2 | B3: 강원도 | C3: 강릉시 | D3: 강릉독립예술극장 신영 | E3: ~ | F3: 강릉시 경강로 2100 (임당동 152-2) | G3: 1 | H3: 200 | I3: 0 | J3: 1 | K3: 0 | L3: 0 | M3: 0 | N3: ~ | O3: 645-7415 | P3: theque.tistory.com/ | Q3: 2012-00-00 | R3: (구)신영극장/2012년 개관
A4: 3 | B4: 강원도 | C4: 동해시 | D4: 롯데시네마 동해 | E4: 위탁 | F4: 동해시 한섬로 111-7 현진빌딩 5층 (천곡동) | G4: 5 | H4: 670 | I4: =G4-J4 -> 0 | J4: 5 | K4: 2 | L4: 0 | M4: 0 | N4: ~ | O4: 1544-8855 | P4: www.lottecinema.co.kr | Q4: 40078
A5: 4 | B5: 강원도 | C5: 속초시 | D5: 메가박스 속초 | E5: 위탁 | F5: 속초시 조양로142번길 20 (조양동 1506-1) | G5: 5 | H5: 714 | I5: 0 | J5: 5 | K5: 2 | L5: 0 | M5: 0 | N5: Table M관 | O5: 1544-0070 | P5: www.megabox.co.kr | Q5: 39874
A6: 5 | B6: 강원도 | C6: 원주시 | D6: 롯데시네마 남원주 | E6: 직영 | F6: 원주시 서원대로 396 (단구동 1511-2,3) | G6: 7 | H6: 1196 | I6: 0 | J6: 7 | K6: 3 | L6: 0 | M6: 0 | N6: ~ | O6: 1544-8855 | P6: www.lottecinema.co.kr | Q6: 38653
A7: 6 | B7: 강원도 | C7: 원주시 | D7: 메가박스 원주 | E7: 위탁 | F7: 원주시 서원대로 165-3 아트스페이스빌딩 6층 (단계동 873) | G7: 8 | H7: 901 | I7: =G7-J7 -> 0 | J7: 8 | K7: 3 | L7: 0 | M7: 0 | N7: ~ | O7: 1544-0070 | P7: www.megabox.co.kr | Q7: 39394
A8: 7 | B8: 강원도 | C8: 원주시 | D8: CGV 원주 | E8: 직영 | F8: 원주시 서원대로 171, 7층 (단계동) | G8: 10 | H8: 1870 | I8: 0 | J8: 10 | K8: 3 | L8: 0 | M8: 0 | N8: ~ | O8: 1544-1122 | P8: www.cgv.co.kr | Q8: 41158
A9: 8 | B9: 강원도 | C9: 춘천시 | D9: CGV 춘천 | E9: 직영 | F9: 춘천시 지석로 80, 3층~8층 (퇴계동 1017투탑시티 3층~8층) | G9: 12 | H9: 2099 | I9: =G9-J9 -> 0 | J9: 12 | K9: 5 | L9: 1 | M9: 0 | N9: Sweet Box, IMAX, Premium, ScreenX | O9: 1544-1122 | P9: www.cgv.co.kr | Q9: 39506
A10: 9 | B10: 강원도 | C10: 춘천시 | D10: CGV 춘천명동 | E10: 위탁 | F10: 춘천시 중앙로 3가 67 (조양동 144-3) | G10: 6 | H10: 698 | I10: 0 | J10: 6 | K10: 1 | L10: 0 | M10: 0 | N10: ~ | O10: 1544-1122 | P10: www.cgv.co.kr | Q10: 41760 | R10: (구)프리머스 춘천
A11: 10 | B11: 강원도 | C11: 홍천군 | D11: 홍천시네마 | E11: ~ | F11: 홍천군 홍천읍 연봉중앙로 11-8 | G11: 2 | H11: 98 | I11: 0 | J11: 2 | K11: 1 | L11: 0 | M11: 0 | N11: ~ | O11: 433-7053 | P11: hongcheon.ccine.co.kr | Q11: 41737
A12: 11 | B12: 강원도 | C12: 화천군 | D12: 산천어시네마 | E12: ~ | F12: 화천군 화천읍 상승로2길 25-10, 2층 | G12: 1 | H12: 125 | I12: 0 | J12: 1 | K12: 1 | L12: 0 | M12: 0 | N12: ~ | O12: 441-7053 | P12: www.sancheoneocinema.co.kr | Q12: 41993

Sheet 충북
A1: 번호 | B1: 광역단체 | C1: 기초단체 | D1: 영화관명 | E1: 대기업 운영 여부 | F1: 소재지 | G1: 총스크린수 | H1: 총좌석수 | I1: 필름 전용관수 | J1: 디지털 2D 상영관수 | K1: 3D 가능관수 | L1: IMAX 상영관 수 | M1: 4D 상영관수 | N1: 특별관 운영 여부 | O1: 전화번호(043) | P1: 홈페이지 | Q1: 개관일 | R1: 비고
A2: 1 | B2: 충청북도 | C2: 제천시 | D2: 메가박스 제천 | E2: 위탁 | F2: 제천시 의병대로 18길 1 (남천동 1145) | G2: 7 | H2: 1200 | I2: =G2-J2 -> 0 | J2: 7 | K2: 3 | L2: 0 | M2: 0 | N2: ~ | O2: 1544-0070 | P2: www.megabox.co.kr | Q2: 40848 | R2: (구)제천TTC7
A3: 2 | B3: 충청북도 | C3: 청주시 | D3: CGV 청주(북문) | E3: 위탁 | F3: 청주시 상당구 상당로 81번길 33 (북문로1가 170-1) | G3: 8 | H3: 1239 | I3: 0 | J3: 8 | K3: 1 | L3: 0 | M3: 0 | N3: ~ | O3: 1544-1122 | P3: www.cgv.co.kr | Q3: 39653
A4: 3 | B4: 충청북도 | C4: 청주시 | D4: CGV 청주(서문) | E4: 위탁 | F4: 청주시 상당구 상당로 81번길 63 (서문동 29-2) | G4: 10 | H4: 1996 | I4: 0 | J4: 10 | K4: 4 | L4: 0 | M4: 0 | N4: ~ | O4: 1544-1122 | P4: www.cgv.co.kr | Q4: 39364
A5: 4 | B5: 충청북도 | C5: 청주시 | D5: CGV 청주지웰시티 | E5: 직영 | F5: 청주시 흥덕구 대농로 47-1 | G5: 8 | H5: 1707 | I5: 0 | J5: 8 | K5: 3 | L5: 0 | M5: 0 | N5: Sweetbox | O5: 1544-1122 | P5: www.cgv.co.kr | Q5: 41753
A6: 5 | B6: 충청북도 | C6: 청주시 | D6: CGV 청주터미널 | E6: 위탁 | F6: 청주시 흥덕구 흥덕구2순환로 1233 (가경동 1233 드림플러스 8층) | G6: 8 | H6: 1292 | I6: 0 | J6: 8 | K6: 0 | L6: 0 | M6: 0 | N6: ~ | O6: 1544-1122 | P6: www.cgv.co.kr | Q6: 41628 | R6: (구)프리머스 청주
A7: 6 | B7: 충청북도 | C7: 청주시 | D7: SFX시네마 | E7: ~ | F7: 청주시 상당구 충청대로 114 (율량동 500-3) | G7: 11 | H7: 1672 | I7: 0 | J7: 11 | K7: 1 | L7: 0 | M7: 0 | N7: ~ | O7: 290-1500 | P7: www.isfx.co.kr | Q7: 38862
A8: 7 | B8: 충청북도 | C8: 청주시 | D8: 롯데시네마 서청주 | E8: 직영 | F8: 청주시 흥덕구 2순환로 1004 (비하동 332-1) | G8: 6 | H8: 1286 | I8: 0 | J8: 6 | K8: 3 | L8: 0 | M8: 1 | N8: 수퍼4D, 수퍼사운드 | O8: 1544-8855 | P8: www.lottecinema.co.kr | Q8: 41207
A9: 8 | B9: 충청북도 | C9: 청주시 | D9: 롯데시네마 청주 | E9: 직영 | F9: 청주시 상당구 성안로 13 씨유멀티플렉스 3층 (북문로1가 90-1) | G9: 8 | H9: 1402 | I9: =G9-J9 -> 0 | J9: 8 | K9: 4 | L9: 0 | M9: 0 | N9: 아르떼 | O9: 1544-8855 | P9: www.lottecinema.co.kr | Q9: 39784
A10: 9 | B10: 충청북도 | C10: 청주시 | D10: 롯데시네마 청주충대 | E10: 위탁 | F10: 청주시 흥덕구 1순환로 682 (사창동 488) | G10: 4 | H10: 497 | I10: 0 | J10: 4 | K10: 1 | L10: 0 | M10: 0 | N10: ~ | O10: 1544-8855 | P10: www.lottecinema.co.kr | Q10: 41598 | R10: (구)키노피아
A11: 10 | B11: 충청북도 | C11: 충주시 | D11: 메가박스 충주 | E11: 위탁 | F11: 충주시 성서3길 19 (성서동 273) | G11: 10 | H11: 1757 | I11: 0 | J11: 10 | K11: 3 | L11: 0 | M11: 0 | N11: ~ | O11: 1544-0070 | P11: www.megabox.co.kr | Q11: 41262 | R11: (구)충주TTC/2012년 메가박스 충주로 전환

Sheet 충남
A1: 번호 | B1: 광역단체 | C1: 기초단체 | D1: 영화관명 | E1: 대기업 운영 여부 | F1: 소재지 | G1: 총스크린수 | H1: 총좌석수 | I1: 필름 전용관수 | J1: 디지털 2D 상영관수 | K1: 3D 가능관수 | L1: IMAX 상영관 수 | M1: 4D 상영관수 | N1: 특별관 운영 여부 | O1: 전화번호(041) | P1: 홈페이지 | Q1: 개관일 | R1: 비고
A2: 1 | B2: 충청남도 | C2: 공주시 | D2: 메가박스 공주 | E2: 위탁 | F2: 공주시 흑수골길 12 (신관동 248-3) | G2: 7 | H2: 802 | I2: =G2-J2 -> 0 | J2: 7 | K2: 3 | L2: 0 | M2: 0 | N2: ~ | O2: 1544-0070 | P2: www.megabox.co.kr | Q2: 38380
A3: 2 | B3: 충청남도 | C3: 논산시 | D3: 논산시네마 | E3: ~ | F3: 논산시 해월로 167번길 8 (반월동 68-19) | G3: 5 | H3: 616 | I3: 0 | J3: 5 | K3: 0 | M3: 0 | N3: ~ | O3: 733-2004 | Q3: 2003-09-10
A4: 3 | B4: 충청남도 | C4: 당진시 | D4: 당진시네마 | E4: ~ | F4: 당진시 당진중앙2로 76 (읍내동 543-39) | G4: 3 | H4: 313 | I4: 0 | J4: 3 | K4: 0 | L4: 0 | M4: 0 | N4: ~ | O4: 355-2116 | P4: djt.movieplus.or.kr | Q4: 2008-02-28
A5: 4 | B5: 충청남도 | C5: 당진시 | D5: CGV 당진 | E5: 위탁 | F5: 당진시 우두1로 88 (읍내동) | G5: 7 | H5: 1076 | I5: 0 | J5: 7 | K5: 7 | L5: 0 | M5: 0 | N5: Sweetbox | O5: 1544-1122 | P5: www.cgv.co.kr | Q5: 41979
A6: 5 | B6: 충청남도 | C6: 부여군 | D6: 금성시네마 | E6: ~ | F6: 부여군 부여읍 사비로 100번길 12 (구아리 209-1) | G6: 2 | H6: 175 | I6: 0 | J6: 2 | K6: 1 | L6: 0 | M6: 0 | N6: ~ | O6: 833-9999 | Q6: 39854
A7: 6 | B7: 충청남도 | C7: 서산시 | D7: 롯데시네마 서산 | E7: 위탁 | F7: 서산시 율지18로 38 (동문동 193-1) | G7: 6 | H7: 1076 | I7: =G7-J7 -> 0 | J7: 6 | K7: 6 | L7: 0 | M7: 0 | N7: ~ | O7: 1544-8855 | P7: www.lottecinema.co.kr | Q7: 40658
A8: 7 | B8: 충청남도 | C8: 세종시 | D8: 메가박스 세종 | E8: 위탁 | F8: 세종시 조치원읍 새내로 122 (교리 24-1) | G8: 5 | H8: 738 | I8: =G8-J8 -> 0 | J8: 5 | K8: 2 | L8: 0 | M8: 0 | N8: ~ | O8: 1544-0070 | P8: www.megabox.co.kr | Q8: 40611 | R8: (구)메가박스 조치원
A9: 8 | B9: 충청남도 | C9: 아산시 | D9: 롯데시네마 아산터미널 | E9: 직영 | F9: 아산시 번영로 225 | G9: 6 | H9: 964 | I9: 0 | J9: 6 | K9: 2 | L9: 0 | M9: 0 | N9: ~ | O9: 1544-8855 | P9: www.lottecinema.co.kr | Q9: 41663
A10: 9 | B10: 충청남도 | C10: 천안시 | D10: CGV 천안 | E10: 직영 | F10: 천안시 동남구 명동길 47, 5층 (대흥동102-10번지 5층) | G10: 8 | H10: 1118 | I10: =G10-J10 -> 0 | J10: 8 | K10: 4 | L10: 0 | M10: 0 | N10: Sweetbox | O10: 1544-1122 | P10: www.cgv.co.kr | Q10: 39172
A11: 10 | B11: 충청남도 | C11: 천안시 | D11: CGV 천안펜타포트 | E11: 직영 | F11: 천안시 서북구 공원로 196, 5층 (불당동 1289 펜타포트 주상복합상가 5층) | G11: 10 | H11: 1190 | I11: 0 | J11: 10 | K11: 6 | L11: 0 | M11: 1 | N11: 4DX, Sweetbox, ScreenX, Veatbox, CGV 아트하우스 | O11: 1544-1122 | P11: www.cgv.co.kr | Q11: 41334
A12: 11 | B12: 충청남도 | C12: 천안시 | D12: 메가박스 천안 | E12: 직영 | F12: 천안시 서북구 1공단1길 52 센트하임 3층 (두정동 68-1) | G12: 9 | H12: 1290 | I12: 0 | J12: 9 | K12: 3 | L12: 0 | M12: 0 | N12: 프리미엄 | O12: 1544-0070 | P12: www.megabox.co.kr | Q12: 38561
A13: 12 | B13: 충청남도 | C13: 천안시 | D13: 야우리멀티플렉스 | E13: ~ | F13: 천안시 만남로 43 (동남구 354-1) | G13: 10 | H13: 1725 | I13: 0 | J13: 10 | K13: 3 | L13: 0 | M13: 0 | N13: 15관 프리미엄관 | O13: 640-6200 | P13: www.yawooricinema.com | Q13: 37155
A14: 13 | B14: 충청남도 | C14: 홍성군 | D14: CGV 홍성 | E14: 위탁 | F14: 홍성군 홍성읍 고암리 1042 | G14: 4 | H14: 568 | I14: =G14-J14 -> 0 | J14: 4 | K14: 2 | L14: 0 | M14: 0 | N14: Sweetbox | O14: 1544-1122 | P14: www.cgv.co.kr | Q14: 40899
A17: 2014년 휴폐관 극장
A18: 1 | B18: 충청남도 | C18: 당진군 | D18: 키노키노 | E18: ~ | F18: 당진군 당진읍 읍내리 253-8 | G18: 2 | H18: 368 | I18: 0 | J18: 2 | K18: 0 | L18: 0 | M18: 0 | N18: ~ | O18: 356-8300 | Q18: 2009-07-01 | R18: 2014.11 폐관 / 2015.1.1. 조이앤시네마로 재개관 예정
A19: 2 | B19: 충청남도 | C19: 보령시 | D19: 롯데시네마 보령 | E19: 위탁 | F19: 보령시 대천동 대흥로 51 | G19: 7 | H19: 1067 | I19: 0 | J19: 7 | K19: 2 | L19: 0 | M19: 0 | N19: ~ | O19: 1544-8855 | P19: www.lottecinema.co.kr | Q19: 41101 | R19: 2014.8.31 영업종료

Sheet 전북
A1: 번호 | B1: 광역단체 | C1: 기초단체 | D1: 영화관명 | E1: 대기업 운영 여부 | F1: 소재지 | G1: 총스크린수 | H1: 총좌석수 | I1: 필름 전용관수 | J1: 디지털 2D 상영관수 | K1: 3D 가능관수 | L1: IMAX 상영관 수 | M1: 4D 상영관수 | N1: 특별관 운영 여부 | O1: 전화번호(063) | P1: 홈페이지 | Q1: 개관일 | R1: 비고
A2: 1 | B2: 전라북도 | C2: 군산시 | D2: CGV 군산 | E2: 위탁 | F2: 군산시 백토로 198 (나운동 114-34) | G2: 7 | H2: 1027 | I2: =G2-J2 -> 0 | J2: 7 | K2: 0 | L2: 0 | M2: 0 | N2: ~ | O2: 1544-1122 | P2: www.cgv.co.kr | Q2: 39779 | R2: 08.11.27 CGV로 재개관
A3: 2 | B3: 전라북도 | C3: 군산시 | D3: 롯데시네마 군산 | E3: 위탁 | F3: 군산시 백토로 166 (나운동 124-4) | G3: 5 | H3: 975 | I3: =G3-J3 -> 0 | J3: 5 | K3: 2 | L3: 0 | M3: 0 | N3: ~ | O3: 1544-8855 | P3: www.lottecinema.co.kr | Q3: 38834
A4: 3 | B4: 전라북도 | C4: 김제시 | D4: 지평선시네마 | E4: ~ | F4: 김제시 도작로 224-32 (검산동 산 62-1) | G4: 2 | H4: 99 | I4: 0 | J4: 2 | K4: 1 | L4: 0 | M4: 0 | N4: ~ | O4: 547-1501 | Q4: 41512
A5: 4 | B5: 전라북도 | C5: 남원시 | D5: 메가박스 남원 | E5: 위탁 | F5: 남원시 향단로 26 (쌍교동82-1) | G5: 4 | H5: 615 | I5: 0 | J5: 4 | K5: 0 | L5: 0 | M5: 0 | N5: ~ | O5: 1544-0070 | P5: www.megabox.co.kr | Q5: 39625
A6: 5 | B6: 전라북도 | C6: 무주군 | D6: 무주산골영화관 | E6: ~ | F6: 무주군 무주읍 한풍루로 326-17 무주예체문화관 2층 | G6: 2 | H6: 98 | I6: 0 | J6: 2 | K6: 1 | L6: 0 | M6: 0 | N6: ~ | O6: 322-7053 | P6: movie.muju.go.kr | Q6: 41810
A7: 6 | B7: 전라북도 | C7: 부안군 | D7: 마실영화관 | E7: ~ | F7: 부안군 부안읍 예술회관길 11 | G7: 2 | H7: 99 | I7: 0 | J7: 2 | K7: 1 | L7: 0 | M7: 0 | N7: ~ | O7: 582-1228 | P7: www.buanmasilcinema.co.kr | Q7: 41871
A8: 7 | B8: 전라북도 | C8: 완주군 | D8: 완주 휴 시네마 | E8: ~ | F8: 완주군 봉동읍 둔산3로 94 | G8: 2 | H8: 91 | I8: 0 | J8: 2 | K8: 1 | L8: 0 | M8: 0 | N8: ~ | O8: 263-9012 | P8: wanjumovie.kr | Q8: 41920
A9: 8 | B9: 전라북도 | C9: 익산시 | D9: CGV 익산 | E9: 위탁 | F9: 익산시 무왕로 1052, 3층~5층 (영등동 149-1) | G9: 9 | H9: 1325 | I9: 0 | J9: 9 | K9: 4 | L9: 0 | M9: 0 | N9: Sweetbox | O9: 1544-1122 | P9: www.cgv.co.kr | Q9: 38141
A10: 9 | B10: 전라북도 | C10: 임실군 | D10: 작은별 영화관 | E10: ~ | F10: 임실군 임실읍 호국로 1703 (이도리 277 임실군민회관) | G10: 2 | H10: 94 | I10: 0 | J10: 2 | K10: 1 | L10: 0 | M10: 0 | N10: ~ | O10: 644-7050 | P10: imsil.ccine.co.kr | Q10: 2013-00-00
A11: 10 | B11: 전라북도 | C11: 장수군 | D11: 한누리시네마 | E11: ~ | F11: 장수군 장수읍 한누리로 393 (두산리 472) | G11: 2 | H11: 90 | I11: =G11-J11 -> 0 | J11: 2 | K11: 1 | L11: 0 | M11: 0 | N11: ~ | O11: 352-7050 | P11: hannuri.ccine.co.kr | Q11: 40507
A12: 11 | B12: 전라북도 | C12: 전주시 | D12: CGV 전주 | E12: 위탁 | F12: 전주시 완산구 전주객사3길 74-25 (고사동 288-2) | G12: 6 | H12: 1192 | I12: =G12-J12 -> 0 | J12: 6 | K12: 1 | L12: 0 | M12: 0 | N12: ~ | O12: 1544-1122 | P12: www.cgv.co.kr | Q12: 37931 | R12: (구)피카디리극장
A13: 12 | B13: 전라북도 | C13: 전주시 | D13: CGV 전주효자 | E13: 직영 | F13: 전주시 완산구 용머리로 45 (Mall of Hyoja 2층) | G13: 7 | H13: 1795 | I13: 0 | J13: 7 | K13: 3 | L13: 1 | M13: 0 | N13: IMAX | O13: 1544-1122 | P13: www.cgv.co.kr | Q13: 41879
A14: 13 | B14: 전라북도 | C14: 전주시 | D14: 롯데시네마 전주(롯데백화점) | E14: 직영 | F14: 전주시 완산구 온고을로 2 (서신동 971) | G14: 8 | H14: 1626 | I14: =G14-J14 -> 0 | J14: 8 | K14: 6 | L14: 0 | M14: 0 | N14: ~ | O14: 1544-8855 | P14: www.lottecinema.co.kr | Q14: 38135
A15: 14 | B15: 전라북도 | C15: 전주시 | D15: 롯데시네마 전주평화 | E15: 직영 | F15: 전주시 완산구 백제대로 10 (평화동 1가 604-1) | G15: 6 | H15: 922 | I15: 0 | J15: 6 | K15: 3 | L15: 0 | M15: 0 | N15: ~ | O15: 1544-8855 | P15: www.lottecinema.co.kr | Q15: 41179
A16: 15 | B16: 전라북도 | C16: 전주시 | D16: 메가박스 송천 | E16: 위탁 | F16: 전주시 덕진구 동부대로 1215 (송천동 2가 661-15) | G16: 8 | H16: 1225 | I16: =G16-J16 -> 0 | J16: 8 | K16: 6 | L16: 0 | M16: 0 | N16: ~ | O16: 1544-0070 | P16: www.megabox.co.kr | Q16: 39139
A17: 16 | B17: 전라북도 | C17: 전주시 | D17: 메가박스 전주(객사) | E17: 직영 | F17: 전주시 전주객사4길 74-10 (고사동 181) | G17: 10 | H17: 1574 | I17: =G17-J17 -> 0 | J17: 10 | K17: 1 | L17: 0 | M17: 0 | N17: Table M관 | O17: 1544-0070 | P17: www.megabox.co.kr | Q17: 2004-12-00
A18: 17 | B18: 전라북도 | C18: 전주시 | D18: 전주디지털독립영화관 | E18: ~ | F18: 전주시 완산구 고사동 객사 3길 22 전주영화제작소 4층 | G18: 1 | H18: 98 | I18: =G18-J18 -> 0 | J18: 1 | K18: 0 | L18: 0 | M18: 0 | N18: ~ | O18: 231-3377 | P18: café.daum.net/jifftheque | R18: 전주국제영화제 운영
A19: 18 | B19: 전라북도 | C19: 전주시 | D19: 전주시네마타운 | E19: ~ | F19: 전주시 완산구 전주객사3길 67 (고사동 340-3) | G19: 6 | H19: 919 | I19: 0 | J19: 6 | K19: 1 | L19: 0 | M19: 0 | N19: ~ | O19: 283-7722 | P19: www.jcinema.co.kr | Q19: 37869 | R19: 1관 폐관
A20: 19 | B20: 전라북도 | C20: 정읍시 | D20: CGV 정읍 | E20: 위탁 | F20: 정읍시 중앙1길 1 | G20: 4 | H20: 565 | I20: 0 | J20: 4 | K20: 0 | L20: 0 | M20: 0 | N20: ~ | O20: 1544-1122 | P20: www.cgv.co.kr | Q20: 41666
A23: 2014년 휴폐관 극장
A24: 1 | B24: 전라북도 | C24: 정읍시 | D24: 중앙시네마 | E24: ~ | F24: 정읍시 연지동 39-5 | G24: 3 | H24: 417 | I24: 0 | J24: 3 | K24: 0 | L24: 0 | M24: 0 | N24: ~ | O24: 535-5170 | R24: 2014.1.18 영업종료

Sheet 전남
A1: 번호 | B1: 광역단체 | C1: 기초단체 | D1: 영화관명 | E1: 대기업 운영 여부 | F1: 소재지 | G1: 총스크린수 | H1: 총좌석수 | I1: 필름 전용관수 | J1: 디지털 2D 상영관수 | K1: 3D 가능관수 | L1: IMAX 상영관 수 | M1: 4D 상영관수 | N1: 특별관 운영 여부 | O1: 전화번호(061) | P1: 홈페이지 | Q1: 개관일 | R1: 비고
A2: 1 | B2: 전라남도 | C2: 구례군 | D2: 구례자연드림시네마 | E2: ~ | F2: 구례군 용방면 용산로 107-73 | G2: 2 | H2: 140 | I2: 0 | J2: 2 | K2: 2 | M2: 0 | N2: ~ | O2: 783-8993 | Q2: 41752
A3: 2 | B3: 전라남도 | C3: 목포시 | D3: CGV 목포 | E3: 위탁 | F3: 목포시 교육로 63 (상동 892) | G3: 5 | H3: 1026 | I3: =G3-J3 -> 0 | J3: 5 | K3: 2 | L3: 0 | M3: 0 | N3: ~ | O3: 1544-1122 | P3: www.cgv.co.kr | Q3: 38338
A4: 3 | B4: 전라남도 | C4: 목포시 | D4: 롯데시네마 목포 | E4: 위탁 | F4: 목포시 원형동로 53 (상동 1129-6) | G4: 8 | H4: 1495 | I4: =G4-J4 -> 0 | J4: 8 | K4: 2 | L4: 0 | M4: 0 | N4: ~ | O4: 1544-8855 | P4: www.lottecinema.co.kr | Q4: 38374 | R4: 06.09.28재개관
A5: 4 | B5: 전라남도 | C5: 목포시 | D5: 프리머스 목포 | E5: 위탁 | F5: 목포시 옥암로 95 포르모쇼핑몰 (상동 860-1) | G5: 7 | H5: 998 | I5: 0 | J5: 7 | K5: 0 | L5: 0 | M5: 0 | N5: ~ | O5: 1544-5522 | P5: www.primuscinema.com | Q5: 38990
A6: 5 | B6: 전라남도 | C6: 목포시 | D6: 메가박스 목포 | E6: 위탁 | F6: 목포시 영산로 59번길 30, 3층 | G6: 3 | H6: 374 | I6: 0 | J6: 3 | K6: 0 | L6: 0 | M6: 0 | N6: ~ | O6: 1544-0070 | P6: www.megabox.co.kr | Q6: 41996 | R6: (구)롯데시네마 목포센트럴
A7: 6 | B7: 전라남도 | C7: 순천시 | D7: CGV 순천 | E7: 직영 | F7: 순천시 장명로 22, 2층~6층 (장천동 54-1) | G7: 8 | H7: 1188 | I7: =G7-J7 -> 0 | J7: 8 | K7: 4 | L7: 0 | M7: 0 | N7: Sweetbox | O7: 1544-1122 | P7: www.cgv.co.kr | Q7: 37974
A8: 7 | B8: 전라남도 | C8: 순천시 | D8: 메가박스 순천 | E8: 위탁 | F8: 순천시 충효로 15 제701호 (덕암동 151) | G8: 7 | H8: 953 | I8: =G8-J8 -> 0 | J8: 7 | K8: 7 | L8: 0 | M8: 0 | N8: ~ | O8: 1544-0070 | P8: www.megabox.co.kr | Q8: 40658 | R8: (구)롯데시네마 순천
A9: 8 | B9: 전라남도 | C9: 순천시 | D9: 메가박스 신대 | E9: 위탁 | F9: 순천시 해룡로 해광로 199 | G9: 9 | H9: 1430 | I9: 0 | J9: 9 | K9: 1 | L9: 0 | M9: 0 | N9: M관, 프리미엄 | O9: 1544-0070 | P9: www.megabox.co.kr | Q9: 41841
A10: 9 | B10: 전라남도 | C10: 여수시 | D10: 롯데시네마 여수 | E10: 위탁 | F10: 여수시 여서로 224 (여서동 916) | G10: 6 | H10: 580 | I10: =G10-J10 -> 0 | J10: 6 | K10: 2 | L10: 0 | M10: 0 | N10: ~ | O10: 1544-8855 | P10: www.lottecinema.co.kr | Q10: 40871
A11: 10 | B11: 전라남도 | C11: 여수시 | D11: 메가박스 여수 | E11: 위탁 | F11: 여수시 쌍봉로 208 (신기동 11) | G11: 8 | H11: 793 | I11: =G11-J11 -> 0 | J11: 8 | K11: 1 | L11: 0 | M11: 0 | N11: M관 | O11: 1544-0070 | P11: www.megabox.co.kr | Q11: 38540

Sheet 경북
A1: 번호 | B1: 광역단체 | C1: 기초단체 | D1: 영화관명 | E1: 대기업 운영 여부 | F1: 소재지 | G1: 총스크린수 | H1: 총좌석수 | I1: 필름 전용관수 | J1: 디지털 2D 상영관수 | K1: 3D 가능관수 | L1: IMAX 상영관 수 | M1: 4D 상영관수 | N1: 특별관 운영 여부 | O1: 전화번호(054) | P1: 홈페이지 | Q1: 개관일 | R1: 비고
A2: 1 | B2: 경상북도 | C2: 경산시 | D2: 롯데시네마 경산 | E2: 직영 | F2: 경산시 강변동로 278 (대평동 278) | G2: 8 | H2: 1164 | I2: 0 | J2: 8 | K2: 2 | L2: 0 | M2: 0 | N2: ~ | O2: 1544-8855 | P2: www.lottecinema.co.kr | Q2: 41241 | R2: (구)메가박스 경산
A3: 2 | B3: 경상북도 | C3: 경주시 | D3: 롯데시네마 경주 | E3: 위탁 | F3: 경주시 계림로 83 (노동동) | G3: 2 | H3: 313 | I3: 0 | J3: 2 | K3: 0 | L3: 0 | M3: 0 | N3: ~ | O3: 1544-8855 | P3: www.lottecinema.co.kr | Q3: 40909
A4: 3 | B4: 경상북도 | C4: 경주시 | D4: 메가박스 경주 | E4: 위탁 | F4: 경주시 원효로 112 (노동동 55-1) | G4: 3 | H4: 461 | I4: 0 | J4: 3 | K4: 2 | L4: 0 | M4: 0 | N4: ~ | O4: 1544-0070 | P4: www.megabox.co.kr | Q4: 40709
A5: 4 | B5: 경상북도 | C5: 구미시 | D5: CGV 구미 | E5: 위탁 | F5: 구미시 구미중앙로 44, 4층 (원평동 68-1번지) | G5: 10 | H5: 1634 | I5: 0 | J5: 10 | K5: 4 | L5: 0 | M5: 0 | N5: ~ | O5: 1544-1122 | P5: www.cgv.co.kr | Q5: 39072
A6: 5 | B6: 경상북도 | C6: 구미시 | D6: 롯데시네마 구미 | E6: 위탁 | F6: 구미시 구미중앙로 120 (원평동 353-4) | G6: 10 | H6: 2018 | I6: 0 | J6: 10 | K6: 2 | L6: 0 | M6: 0 | N6: ~ | O6: 1544-8855 | P6: www.lottecinema.co.kr | Q6: 37939
A7: 6 | B7: 경상북도 | C7: 구미시 | D7: 롯데시네마 구미공단 | E7: 직영 | F7: 구미시 산호대로 233, 4층 (공단동 253-2) | G7: 8 | H7: 1203 | I7: 0 | J7: 8 | K7: 1 | L7: 0 | M7: 0 | N7: ~ | O7: 1544-8855 | P7: www.lottecinema.co.kr | Q7: 38834
A8: 7 | B8: 경상북도 | C8: 구미시 | D8: 메가박스 구미 | E8: 위탁 | F8: 구미시 구미중앙로 17길 16 (원평동 147-9) | G8: 7 | H8: 759 | I8: 0 | J8: 7 | K8: 0 | L8: 0 | M8: 0 | N8: ~ | O8: 1544-0070 | P8: www.megabox.co.kr | Q8: 41359
A9: 8 | B9: 경상북도 | C9: 구미시 | D9: 메가박스 구미강동 | E9: 위탁 | F9: 구미시 인동가산로 14 시네마월드 7층 (진평동 1023-1) | G9: 6 | H9: 908 | I9: 0 | J9: 6 | K9: 2 | L9: 0 | M9: 0 | N9: ~ | O9: 1544-0070 | P9: www.megabox.co.kr | Q9: 41243
A10: 9 | B10: 경상북도 | C10: 김천시 | D10: 프리머스 김천 | E10: 위탁 | F10: 김천시 김천로 74 (평화동 245-82) | G10: 4 | H10: 851 | I10: =G10-J10 -> 0 | J10: 4 | K10: 0 | L10: 0 | M10: 0 | N10: ~ | O10: 1544-5522 | P10: www.primuscinema.com | Q10: 38869
A11: 10 | B11: 경상북도 | C11: 안동시 | D11: 중앙시네마 | E11: ~ | F11: 안동시 문화광장길 45 (삼산동 140-5) | G11: 1 | H11: 144 | I11: 0 | J11: 1 | K11: 0 | L11: 0 | M11: 0 | N11: ~ | O11: 854-5500 | Q11: 2000-09-00
A12: 11 | B12: 경상북도 | C12: 안동시 | D12: CGV 안동 | E12: 위탁 | F12: 안동시 경동로 841 | G12: 6 | H12: 958 | I12: 0 | J12: 6 | K12: 0 | L12: 0 | M12: 0 | N12: ~ | O12: 1544-1122 | P12: www.cgv.co.kr | Q12: 41913 | R12: (구)롯데시네마 안동
A13: 12 | B13: 경상북도 | C13: 안동시 | D13: 메가박스 안동 | E13: 위탁 | F13: 안동시 경북대로 418 테마프라자 5층 | G13: 5 | H13: 792 | I13: 0 | J13: 5 | K13: 0 | L13: 0 | M13: 0 | N13: ~ | O13: 1544-0070 | P13: www.megabox.co.kr | Q13: 41745 | R13: (구)프리머스 안동
A14: 13 | B14: 경상북도 | C14: 영주시 | D14: 예당시네마 | E14: ~ | F14: 영주시 구성로350번길 24 (영주1동 377-18) | G14: 1 | H14: 95 | I14: 0 | J14: 1 | K14: 0 | L14: 0 | M14: 0 | N14: ~ | O14: 634-8855 | P14: www.yedangcinema.com/ | Q14: 40856 | R14: (구)영보소극장
A15: 14 | B15: 경상북도 | C15: 포항시 | D15: CGV 북포항 | E15: 위탁 | F15: 포항시 북구 서동로 93 (덕산동 235-4) | G15: 8 | H15: 1464 | I15: =G15-J15 -> 0 | J15: 8 | K15: 0 | L15: 0 | M15: 0 | N15: ~ | O15: 1544-1122 | P15: www.cgv.co.kr | Q15: 38963
A16: 15 | B16: 경상북도 | C16: 포항시 | D16: CGV 포항 | E16: 직영 | F16: 포항시 남구 중흥로 77, 7층 (상도동 582번지) | G16: 7 | H16: 1244 | I16: =G16-J16 -> 0 | J16: 7 | K16: 4 | L16: 0 | M16: 0 | N16: Sweetbox, Veatbox | O16: 1544-1122 | P16: www.cgv.co.kr | Q16: 39324
A17: 16 | B17: 경상북도 | C17: 포항시 | D17: 롯데시네마 포항 | E17: 직영 | F17: 포항시 북구 중앙상가길 16 (대흥동 563-3) | G17: 8 | H17: 1528 | I17: =G17-J17 -> 0 | J17: 8 | K17: 3 | L17: 0 | M17: 0 | N17: ~ | O17: 1544-8855 | P17: www.lottecinema.co.kr | Q17: 38090

Sheet 경남
A1: 번호 | B1: 광역단체 | C1: 기초단체 | D1: 영화관명 | E1: 대기업 운영 여부 | F1: 소재지 | G1: 총스크린수 | H1: 총좌석수 | I1: 필름 전용관수 | J1: 디지털 2D 상영관수 | K1: 3D 가능관수 | L1: IMAX 상영관 수 | M1: 4D 상영관수 | N1: 특별관 운영 여부 | O1: 전화번호(055) | P1: 홈페이지 | Q1: 개관일 | R1: 비고
A2: 1 | B2: 경상남도 | C2: 거제시 | D2: CGV 거제 | E2: 위탁 | F2: 거제시 장평로 6층 (고현동 958-15 디큐브백화점 6층) | G2: 7 | H2: 1109 | I2: =G2-J2 -> 0 | J2: 7 | K2: 2 | L2: 0 | M2: 0 | N2: ~ | O2: 1544-1122 | P2: www.cgv.co.kr | Q2: 38988
A3: 2 | B3: 경상남도 | C3: 거제시 | D3: 씨네세븐 거제 | E3: ~ | F3: 거제시 고현동 고현로 11길 20 | G3: 6 | H3: 814 | I3: 0 | J3: 6 | K3: 0 | L3: 0 | M3: 0 | N3: ~ | O3: 638-2091 | P3: www.cine7.kr | Q3: 2012-00-00 | R3: 7관 폐관
A4: 3 | B4: 경상남도 | C4: 거창군 | D4: 고센시네마 | E4: ~ | F4: 거창군 거창읍 중앙로1길 1 (중앙리 90-2) | G4: 2 | H4: 410 | I4: 0 | J4: 2 | K4: 0 | L4: 0 | M4: 0 | N4: ~ | O4: 945-0555 | Q4: 2006-04-07
A5: 4 | B5: 경상남도 | C5: 김해시 | D5: CGV 김해 | E5: 직영 | F5: 김해시 내외중앙로 137, 4층 (내동 1131-4 휴앤락 4층) | G5: 9 | H5: 1546 | I5: =G5-J5 -> 0 | J5: 9 | K5: 4 | L5: 0 | M5: 0 | N5: ~ | O5: 1544-1122 | P5: www.cgv.co.kr | Q5: 38423
A6: 5 | B6: 경상남도 | C6: 김해시 | D6: 롯데시네마 김해부원 | E6: 직영 | F6: 김해시 김해대로 2352번길 아이스퀘어 3층 | G6: 7 | H6: 1121 | I6: 0 | J6: 7 | K6: 2 | L6: 0 | M6: 0 | N6: ~ | O6: 1544-8855 | P6: www.lottecinema.co.kr | Q6: 41782
A7: 6 | B7: 경상남도 | C7: 김해시 | D7: 롯데시네마 김해아울렛 | E7: 직영 | F7: 김해시 장유로 469 롯데아울렛 신관 (장유면 신문리 75-5) | G7: 6 | H7: 1023 | I7: 0 | J7: 6 | K7: 3 | L7: 0 | M7: 0 | N7: ~ | O7: 1544-8855 | P7: www.lottecinema.co.kr | Q7: 41456
A8: 7 | B8: 경상남도 | C8: 밀양시 | D8: 밀양시네마 | E8: ~ | F8: 밀양시 백민로 75-1 (내이동 1565-16) | G8: 2 | H8: 300 | I8: 0 | J8: 2 | K8: 0 | L8: 0 | M8: 0 | N8: ~ | O8: 356-3606 | P8: uhmuna.tnaru.net/tnaru/top | Q8: 2010-08-30
A9: 8 | B9: 경상남도 | C9: 양산시 | D9: 롯데시네마 양산 | E9: 위탁 | F9: 양산시 강변로 440 바나나빌딩 6층 (중부동 685-6) | G9: 6 | H9: 933 | I9: 0 | J9: 6 | K9: 2 | L9: 0 | M9: 0 | N9: ~ | O9: 1544-8855 | P9: www.lottecinema.co.kr | Q9: 2008-09-11
A10: 9 | B10: 경상남도 | C10: 진주시 | D10: CGV 진주 | E10: 위탁 | F10: 진주시 가호로 13 (가좌동 700-1) | G10: 8 | H10: 1289 | I10: =G10-J10 -> 0 | J10: 8 | K10: 4 | L10: 0 | M10: 0 | N10: Veatbox | O10: 1544-1122 | P10: www.cgv.co.kr | Q10: 39569 | R10: (구)엠비씨네8
A11: 10 | B11: 경상남도 | C11: 진주시 | D11: 롯데시네마 진주 | E11: 위탁 | F11: 진주시 진양호로 521 (중안동 2-13) | G11: 9 | H11: 2091 | I11: =G11-J11 -> 0 | J11: 9 | K11: 2 | L11: 0 | M11: 0 | N11: ~ | O11: 1544-8855 | P11: www.lottecinema.co.kr | Q11: 38323
A12: 11 | B12: 경상남도 | C12: 창원시 | D12: CGV 마산 | E12: 직영 | F12: 창원시 마산회원구 3.15대로 736, 8층 (합성동 126-4 보보스존빌딩) | G12: 7 | H12: 1178 | I12: =G12-J12 -> 0 | J12: 7 | K12: 4 | L12: 0 | M12: 0 | N12: Veatbox | O12: 1544-1122 | P12: www.cgv.co.kr | Q12: 38443
A13: 12 | B13: 경상남도 | C13: 창원시 | D13: CGV 창원 | E13: 직영 | F13: 창원시 의창구 창원대로 397번길 6, 8층~11층 (의창구 팔용동 30-1 파비뉴21) | G13: 6 | H13: 1095 | I13: =G13-J13 -> 0 | J13: 6 | K13: 3 | L13: 0 | M13: 1 | N13: 4DX | O13: 1544-1122 | P13: www.cgv.co.kr | Q13: 38253
A14: 13 | B14: 경상남도 | C14: 창원시 | D14: CGV 창원더시티 | E14: 직영 | F14: 창원시 의창구 원이대로 332 (두대동 1B1L 더시티세븐) | G14: 6 | H14: 1139 | I14: =G14-J14 -> 0 | J14: 6 | K14: 3 | L14: 1 | M14: 0 | N14: IMAX, SweetBox, ScreenX, Veatbox | O14: 1544-1122 | P14: www.cgv.co.kr | Q14: 39594
A15: 14 | B15: 경상남도 | C15: 창원시 | D15: 롯데시네마 마산(경남대) | E15: 직영 | F15: 창원시 마산합포구 해안대로 51 (해운동 68번지) | G15: 6 | H15: 1189 | I15: 0 | J15: 6 | K15: 2 | L15: 0 | M15: 0 | N15: ~ | O15: 1544-8855 | P15: www.lottecinema.co.kr | Q15: 38855
A16: 15 | B16: 경상남도 | C16: 창원시 | D16: 롯데시네마 마산터미널 | E16: 위탁 | F16: 창원시 마산회원구 3.15대로 750 (합성동 267) | G16: 7 | H16: 1091 | I16: 0 | J16: 7 | K16: 1 | L16: 0 | M16: 0 | N16: ~ | O16: 1544-8855 | P16: www.lottecinema.co.kr | Q16: 40466 | R16: (구)마산시네마
A17: 16 | B17: 경상남도 | C17: 창원시 | D17: 롯데시네마 진해 | E17: 직영 | F17: 창원시 진해구 진해대로 752 (석동 543-3) | G17: 6 | H17: 816 | I17: 0 | J17: 6 | K17: 2 | L17: 0 | M17: 0 | N17: 수퍼바이브 | O17: 1544-8855 | P17: www.lottecinema.co.kr | Q17: 41264
A18: 17 | B18: 경상남도 | C18: 창원시 | D18: 롯데시네마 창원 | E18: 직영 | F18: 창원시 성산구 중앙대로 124 (상남동 79) | G18: 7 | H18: 1250 | I18: =G18-J18 -> 0 | J18: 7 | K18: 6 | L18: 0 | M18: 0 | N18: ~ | O18: 1544-8855 | P18: www.lottecinema.co.kr | Q18: 37315
A19: 18 | B19: 경상남도 | C19: 창원시 | D19: 메가박스 경남대 | E19: 직영 | F19: 창원시 마산합포구 해안대로 7 남부시네마타운 7층 (월남동 5가 4-1) | G19: 6 | H19: 469 | I19: =G19-J19 -> 0 | J19: 6 | K19: 3 | L19: 0 | M19: 0 | N19: ~ | O19: 1544-0070 | P19: www.megabox.co.kr | Q19: 40009 | R19: (구) 남부씨네마
A20: 19 | B20: 경상남도 | C20: 창원시 | D20: 메가박스 창원 | E20: 직영 | F20: 창원시 성산구 용지로 58 메가플렉스 8층 (중앙동 99-1) | G20: 7 | H20: 1060 | I20: 0 | J20: 7 | K20: 3 | L20: 0 | M20: 0 | N20: ~ | O20: 1544-0070 | P20: www.megabox.co.kr | Q20: 38532
A21: 20 | B21: 경상남도 | C21: 통영시 | D21: 롯데시네마 통영줌아울렛 | E21: 위탁 | F21: 통영시 무전동 986 통영줌아울렛 3층 | G21: 7 | H21: 1269 | I21: 0 | J21: 7 | K21: 0 | L21: 0 | M21: 0 | N21: ~ | O21: 1544-8855 | P21: www.lottecinema.co.kr | Q21: 40268
A22: 21 | B22: 경상남도 | C22: 통영시 | D22: CGV 통영 | E22: 위탁 | F22: 통영시 원문로 27, 5층 (북신동 월드지브이존) | G22: 6 | H22: 735 | I22: 0 | J22: 6 | K22: 0 | L22: 0 | M22: 0 | N22: ~ | O22: 1544-1122 | P22: www.cgv.co.kr | Q22: 41362 | R22: (구)롯데시네마 통영
A25: 2014년 휴폐관 극장
A26: 1 | B26: 경상남도 | C26: 거제시 | D26: 거제아트시네마 | E26: ~ | F26: 거제시 고현동 44-5 | G26: 2 | H26: 409 | I26: 0 | J26: 2 | K26: 0 | L26: 0 | M26: 0 | N26: ~ | O26: 636-5441 | P26: cafe.naver.com/geojeartcinema/ | Q26: 40805 | R26: 2014.9.30 영업종료

Sheet 제주
A1: 번호 | B1: 광역단체 | C1: 기초단체 | D1: 영화관명 | E1: 대기업 운영 여부 | F1: 소재지 | G1: 총스크린수 | H1: 총좌석수 | I1: 필름 전용관수 | J1: 디지털 2D 상영관수 | K1: 3D 가능관수 | L1: IMAX 상영관 수 | M1: 4D 상영관수 | N1: 특별관 운영 여부 | O1: 전화번호(064) | P1: 홈페이지 | Q1: 개관일 | R1: 비고
A2: 1 | B2: 제주도 | C2: 서귀포시 | D2: 롯데시네마 서귀포 | E2: 위탁 | F2: 서귀포시 월드컵로 31 (법환동 914) | G2: 6 | H2: 649 | I2: 0 | J2: 6 | K2: 2 | L2: 0 | M2: 0 | N2: ~ | O2: 1544-8855 | P2: www.lottecinema.co.kr | Q2: 38714
A3: 2 | B3: 제주도 | C3: 제주시 | D3: CGV 제주 | E3: 위탁 | F3: 제주시 서광로 288, 2층~7층 (이도2동 1776-3) | G3: 8 | H3: 832 | I3: 0 | J3: 8 | K3: 3 | L3: 0 | M3: 0 | N3: Premium | O3: 1544-1122 | P3: www.cgv.co.kr | Q3: 38806
A4: 3 | B4: 제주도 | C4: 제주시 | D4: 롯데시네마 제주 | E4: 직영 | F4: 제주시 노형로 407, 5층 (노형동 1288-5) | G4: 6 | H4: 818 | I4: =G4-J4 -> 0 | J4: 6 | K4: 2 | L4: 0 | M4: 0 | N4: ~ | O4: 1544-8855 | P4: www.lottecinema.co.kr | Q4: 39870
A5: 4 | B5: 제주도 | C5: 제주시 | D5: 메가박스 제주 | E5: 위탁 | F5: 제주시 중앙로14길 18 (삼도2동 108-13) | G5: 6 | H5: 856 | I5: 0 | J5: 6 | K5: 1 | L5: 0 | M5: 0 | N5: ~ | O5: 1544-0070 | P5: www.megabox.co.kr | Q5: 39646 | R5: 9개관 중 3개관 폐관
A6: 5 | B6: 제주도 | C6: 제주시 | D6: 영화문화예술센터 | E6: ~ | F6: 제주시 중앙로5길 6 (일도1동 1298-16) | G6: 1 | H6: 350 | I6: 0 | J6: 1 | K6: 0 | L6: 0 | M6: 0 | N6: ~ | O6: 756-5757 | P6: jejumovie.kr | Q6: 40486 | R6: 1관 영화관, 2관 공연장
A7: 6 | B7: 제주도 | C7: 제주시 | D7: 메가박스 제주아라 | E7: 위탁 | F7: 제주시 구산로 4 (아라1동 2574) | G7: 6 | H7: 881 | I7: 0 | J7: 6 | K7: 1 | L7: 0 | M7: 0 | N7: ~ | O7: 1544-0070 | P7: www.megabox.co.kr | Q7: 41628

Sheet 전국
A1: 번호 | B1: 광역단체 | C1: 기초단체 | D1: 영화관명 | E1: 대기업 운영 여부 | F1: 소재지 | G1: 총 스크린 수 | H1: 총 좌석수 | I1: 필름 전용관수 | J1: 디지털 2D 상영관수 | K1: 3D 가능관수 | L1: IMAX 상영관 수 | M1: 4D 상영관수 | N1: 특별관 운영 여부 | O1: 전화번호(02) | P1: 홈페이지 | Q1: 개관일 | R1: 비고
A2: 1 | B2: 서울시 | C2: 강남구 | D2: CGV 강남 | E2: 직영 | F2: 강남구 강남대로 438 (역삼동 814-6 스타플렉스) | G2: 6 | H2: 874 | I2: =G2-J2 -> 0 | J2: 6 | K2: 4 | L2: 0 | M2: 0 | N2: Sweetbox, ScreenX, Veatbox | O2: 1544-1122 | P2: www.cgv.co.kr | Q2: 39121
A3: 2 | B3: 서울시 | C3: 강남구 | D3: CGV 압구정 | E3: 직영 | F3: 강남구 압구정로 30길 45 (신사동 603-2) | G3: 8 | H3: 1170 | I3: =G3-J3 -> 0 | J3: 8 | K3: 5 | L3: 0 | M3: 0 | N3: Sweetbox, Cine de Chef, CGV 아트하우스, Veatbox | O3: 1544-1122 | P3: www.cgv.co.kr | Q3: 38779
A4: 3 | B4: 서울시 | C4: 강남구 | D4: CGV 청담씨네시티 | E4: 직영 | F4: 강남구 도산대로 323 (신사동 651-21) | G4: 5 | H4: 806 | I4: 0 | J4: 5 | K4: 5 | L4: 0 | M4: 1 | N4: Sweetbox, 4DX, Beats br dr.dre, The Private Cinema, ScreenX, SoundX | O4: 1544-1122 | P4: www.cgv.co.kr | Q4: 40828
A5: 4 | B5: 서울시 | C5: 강남구 | D5: 롯데시네마 씨티(강남) | E5: 위탁 | F5: 강남구 강남대로 422 (역삼동 816-7) | G5: 4 | H5: 719 | I5: =G5-J5 -> 0 | J5: 4 | K5: 2 | L5: 0 | M5: 0 | N5: ~ | O5: 1544-8855 | P5: www.lottecinema.co.kr | Q5: 40696
A6: 5 | B6: 서울시 | C6: 강남구 | D6: 메가박스 코엑스 | E6: 직영 | F6: 강남구 봉은사로 524 코엑스몰 B1 (삼성동 159) | G6: 16 | H6: 3541 | I6: =G6-J6 -> 0 | J6: 16 | K6: 3 | L6: 0 | M6: 0 | N6: Boutique M, M2, 프리미엄 | O6: 1544-0070 | P6: www.megabox.co.kr | Q6: 36659
A7: 6 | B7: 서울시 | C7: 강남구 | D7: 롯데시네마 브로드웨이(신사) | E7: 위탁 | F7: 강남구 도산대로 8길 8 (논현동 3-5) | G7: 5 | H7: 500 | I7: 0 | J7: 5 | K7: 2 | L7: 0 | M7: 0 | N7: 3관 인디플러스 | O7: 1544-8855 | P7: www.lottecinema.co.kr | Q7: 41376 | R7: (구)브로드웨이 극장
A8: 7 | B8: 서울시 | C8: 강남구 | D8: 인디플러스 | E8: ~ | F8: 강남구 도산대로 8길 8 | G8: 1 | H8: 70 | I8: 0 | J8: 1 | K8: 0 | L8: 0 | M8: 0 | N8: ~ | O8: 3447-0650 | P8: www.indieplus.or.kr | Q8: 40652 | R8: 영진위 독립영화전용관
A9: 8 | B9: 서울시 | C9: 강남구 | D9: 조이앤시네마 | E9: ~ | F9: 강남구 압구정로 10길 9 | G9: 1 | H9: 59 | I9: 0 | J9: 1 | K9: 1 | L9: 0 | M9: 0 | N9: ~ | O9: 070-8233-4321 | Q9: 41915
A10: 9 | B10: 서울시 | C10: 강동구 | D10: CGV 강동 | E10: 위탁 | F10: 강동구 성내로 48 (성내동 549-1) | G10: 12 | H10: 1965 | I10: =G10-J10 -> 0 | J10: 12 | K10: 2 | L10: 0 | M10: 0 | N10: ~ | O10: 1544-1122 | P10: www.cgv.co.kr | Q10: 39195
A11: 10 | B11: 서울시 | C11: 강동구 | D11: 롯데시네마 강동 | E11: 위탁 | F11: 강동구 천호옛길 85 (성내동 44-1) | G11: 10 | H11: 1998 | I11: =G11-J11 -> 0 | J11: 10 | K11: 5 | L11: 0 | M11: 0 | N11: ~ | O11: 1544-8855 | P11: www.lottecinema.co.kr | Q11: 39562
A12: 11 | B12: 서울시 | C12: 강북구 | D12: CGV 미아 | E12: 직영 | F12: 강북구 도봉로 34, 9층 (미아동 35-4 트레지오 쇼핑몰 9층) | G12: 6 | H12: 721 | I12: =G12-J12 -> 0 | J12: 6 | K12: 3 | L12: 0 | M12: 0 | N12: Sweetbox, Veatbox | O12: 1544-1122 | P12: www.cgv.co.kr | Q12: 39173
A13: 12 | B13: 서울시 | C13: 강북구 | D13: 메가박스 수유 | E13: 위탁 | F13: 강북구 도봉로 399 (수유동 168-12) | G13: 9 | H13: 1167 | I13: 0 | J13: 9 | K13: 2 | L13: 0 | M13: 0 | N13: ~ | O13: 1544-0070 | P13: www.megabox.co.kr | Q13: 40964
A14: 13 | B14: 서울시 | C14: 강서구 | D14: 롯데시네마 김포공항 | E14: 직영 | F14: 강서구 하늘길 77 롯데몰 (방화동 하늘길 38) | G14: 10 | H14: 2127 | I14: =G14-J14 -> 0 | J14: 10 | K14: 7 | L14: 0 | M14: 1 | N14: 샤롯데, 수퍼4D | O14: 1544-8855 | P14: www.lottecinema.co.kr | Q14: 40865
A15: 14 | B15: 서울시 | C15: 관악구 | D15: 롯데시네마 서울대입구 | E15: 직영 | F15: 관악구 남부순환로 1820 (봉천동 862-1 에그옐로우 10층) | G15: 5 | H15: 676 | I15: 0 | J15: 5 | K15: 2 | L15: 0 | M15: 0 | N15: ~ | O15: 1544-8855 | P15: www.lottecinema.co.kr | Q15: 41272 | R15: (구)메가박스 서울대
A16: 15 | B16: 서울시 | C16: 관악구 | D16: 롯데시네마 신림 | E16: 직영 | F16: 관악구 신림로 330, 10층 (신림동 1641-2 포도몰 10층) | G16: 8 | H16: 1477 | I16: =G16-J16 -> 0 | J16: 8 | K16: 6 | L16: 0 | M16: 0 | N16: ~ | O16: 1544-8855 | P16: www.lottecinema.co.kr | Q16: 39873
A17: 16 | B17: 서울시 | C17: 광진구 | D17: CGV 강변 | E17: 직영 | F17: 광진구 광나루로 56길 85 (구의동 546-4 테크노마트 10층) | G17: 11 | H17: 1663 | I17: =G17-J17 -> 0 | J17: 11 | K17: 5 | L17: 0 | M17: 1 | N17: Sweetbox, 4DX, CGV 아트하우스, ScreenX, Veatbox | O17: 1544-1122 | P17: www.cgv.co.kr | Q17: 35889
A18: 17 | B18: 서울시 | C18: 광진구 | D18: CGV 군자 | E18: 위탁 | F18: 광진구 능동로 289 (군자동 477-12) | G18: 9 | H18: 1197 | I18: 0 | J18: 9 | K18: 0 | L18: 0 | M18: 0 | N18: ~ | O18: 1544-1122 | P18: www.cgv.co.kr | Q18: 40022
A19: 18 | B19: 서울시 | C19: 광진구 | D19: KU 시네마테크 | E19: ~ | F19: 광진구 능동로 120 건국대학요 예술문화대학 B108 (화양동 1번지) | G19: 1 | H19: 152 | I19: =G19-J19 -> 0 | J19: 1 | K19: 0 | L19: 0 | M19: 0 | N19: ~ | O19: 446-6579 | P19: www.kucine.kr | Q19: 40554 | R19: 건국대학교
A20: 19 | B20: 서울시 | C20: 광진구 | D20: 롯데시네마 건대입구 | E20: 직영 | F20: 광진구 아차산로 272 (자양동 227-7번지 스타시티 2층) | G20: 12 | H20: 2134 | I20: 0 | J20: 12 | K20: 8 | L20: 0 | M20: 0 | N20: 샤롯데, 수퍼바이브, 아르떼 | O20: 1544-8855 | P20: www.lottecinema.co.kr | Q20: 39109
A21: 20 | B21: 서울시 | C21: 구로구 | D21: CGV 구로 | E21: 직영 | F21: 구로구 구로중앙로 152 (구로동 573 애경백화점 5층) | G21: 10 | H21: 1830 | I21: =G21-J21 -> 0 | J21: 10 | K21: 5 | L21: 0 | M21: 0 | N21: Sweetbox, CGV 아트하우스, ScreenX, Veatbox | O21: 1544-1122 | P21: www.cgv.co.kr | Q21: 37279
A22: 21 | B22: 서울시 | C22: 구로구 | D22: CGV 신도림 | E22: 위탁 | F22: 구로구 새말로 12층 (구로동 3-25번지 테크노 마트 12층) | G22: 10 | H22: 1486 | I22: =G22-J22 -> 0 | J22: 10 | K22: 3 | L22: 0 | M22: 0 | N22: Sweetbox, Premium | O22: 1544-1122 | P22: www.cgv.co.kr | Q22: 39401
A23: 22 | B23: 서울시 | C23: 구로구 | D23: 롯데시네마 신도림(디큐브) | E23: 직영 | F23: 구로구 경인로 662 디큐브시티 7층 (신도림동 692) | G23: 5 | H23: 537 | I23: 0 | J23: 5 | K23: 2 | L23: 0 | M23: 0 | N23: 씨네커플, 아르떼 | O23: 1544-8855 | P23: www.lottecinema.co.kr | Q23: 41527
A24: 23 | B24: 서울시 | C24: 금천구 | D24: 롯데시네마 가산디지털 | E24: 직영 | F24: 금천구 디지털로 10길 9 현대아울렛쇼핑몰 (가산동) | G24: 6 | H24: 1054 | I24: 0 | J24: 6 | K24: 3 | L24: 0 | M24: 1 | N24: 수퍼4D, 수퍼바이브 | O24: 1544-8855 | P24: www.lottecinema.co.kr | Q24: 41347
A25: 24 | B25: 서울시 | C25: 금천구 | D25: 롯데시네마 독산 | E25: 직영 | F25: 금천구 시흥대로 399 시티렉스 6층 | G25: 8 | H25: 1606 | I25: 0 | J25: 8 | K25: 3 | L25: 0 | M25: 0 | N25: ~ | O25: 1544-8855 | P25: www.lottecinema.co.kr | Q25: 41950 | R25: (구)CGV 독산
A26: 25 | B26: 서울시 | C26: 노원구 | D26: CGV 중계 | E26: 직영 | F26: 노원구 동일로 204가길 12, 8층 (중계동 509-2) | G26: 7 | H26: 1179 | I26: 0 | J26: 7 | K26: 3 | L26: 0 | M26: 0 | N26: ScreenX | O26: 1544-1122 | P26: www.cgv.co.kr | Q26: 41389
A27: 26 | B27: 서울시 | C27: 노원구 | D27: CGV 하계 | E27: 직영 | F27: 노원구 섬밭로 258 지하 1층 (중계동 506-1 건영백화점 지하1층) | G27: 4 | H27: 917 | I27: 0 | J27: 4 | K27: 3 | L27: 0 | M27: 0 | N27: CINE KIDS | O27: 1544-1122 | P27: www.cgv.co.kr | Q27: 41529 | R27: (구)프리머스 노원
A28: 27 | B28: 서울시 | C28: 노원구 | D28: 롯데시네마 노원 | E28: 직영 | F28: 노원구 동일로 1414 롯데백화점 10층 (상계동 713) | G28: 10 | H28: 1758 | I28: 0 | J28: 10 | K28: 9 | L28: 0 | M28: 1 | N28: 수퍼4D, 씨네커플 | O28: 1544-8855 | P28: www.lottecinema.co.kr | Q28: 38679
A29: 28 | B29: 서울시 | C29: 동대문구 | D29: 롯데시네마 장안 | E29: 위탁 | F29: 동대문구 답십리로 288 바우하우스 11층 (장안동 368-1) | G29: 7 | H29: 1084 | I29: 0 | J29: 7 | K29: 2 | L29: 0 | M29: 0 | N29: ~ | O29: 1544-8855 | P29: www.lottecinema.co.kr | Q29: 41265
A30: 29 | B30: 서울시 | C30: 동대문구 | D30: 롯데시네마 청량리 | E30: 직영 | F30: 동대문구 왕산로 214 (전농동) | G30: 8 | H30: 1678 | I30: =G30-J30 -> 0 | J30: 8 | K30: 4 | L30: 0 | M30: 1 | N30: 수퍼4D | O30: 1544-8855 | P30: www.lottecinema.co.kr | Q30: 40410
A31: 30 | B31: 서울시 | C31: 동작구 | D31: 메가박스 이수 | E31: 직영 | F31: 동작구 동작대로 89 골든시네마타워 7층 (사당1동 147-53) | G31: 6 | H31: 816 | I31: 0 | J31: 6 | K31: 2 | L31: 0 | M31: 0 | N31: ~ | O31: 1544-0070 | P31: www.megabox.co.kr | Q31: 39219
A32: 31 | B32: 서울시 | C32: 동작구 | D32: 아트나인 | E32: ~ | F32: 동작구 동작대로 89 골든시네마 12층 | G32: 2 | H32: 150 | I32: 0 | J32: 2 | K32: 1 | L32: 0 | M32: 0 | N32: ~ | O32: 1544-0070 | P32: www.megabox.co.kr | Q32: 41275 | R32: 메가박스와 전산망 공유
A33: 32 | B33: 서울시 | C33: 마포구 | D33: CGV 상암 | E33: 직영 | F33: 마포구 월드컵로 240, 1층 (성산동 515 월드컵쇼핑몰1층) | G33: 10 | H33: 1688 | I33: =G33-J33 -> 0 | J33: 10 | K33: 5 | L33: 1 | M33: 1 | N33: IMAX, SweetBox, ScreenX, 4DX, CGV 아트하우스, Gold Class | O33: 1544-1122 | P33: www.cgv.co.kr | Q33: 37762
A34: 33 | B34: 서울시 | C34: 마포구 | D34: CGV 홍대 | E34: 직영 | F34: 마포구 양화로 153 (동교동) 3층 | G34: 6 | H34: 876 | I34: 0 | J34: 6 | K34: 3 | L34: 0 | M34: 0 | N34: ~ | O34: 1544-1122 | P34: www.cgv.co.kr | Q34: 41914
A35: 34 | B35: 서울시 | C35: 마포구 | D35: 롯데시네마 누리꿈(상암) | E35: 직영 | F35: 마포구 월드컵북로 396 (상암동 1605 누리꿈스퀘어빌딩 디지털파빌리온 4층) | G35: 2 | H35: 224 | I35: 0 | J35: 2 | K35: 1 | L35: 0 | M35: 0 | N35: ~ | O35: 1544-8855 | P35: www.lottecinema.co.kr | Q35: 40297
A36: 35 | B36: 서울시 | C36: 마포구 | D36: 롯데시네마 합정 | E36: 직영 | F36: 마포구 양화로 45 메세나폴리스 2층 (합정동 481-1) | G36: 4 | H36: 689 | I36: 0 | J36: 4 | K36: 2 | L36: 0 | M36: 0 | N36: ~ | O36: 1544-8855 | P36: www.lottecinema.co.kr | Q36: 41109
A37: 36 | B37: 서울시 | C37: 마포구 | D37: 롯데시네마 홍대입구 | E37: 직영 | F37: 마포구 양화로 176 와이즈파크 8층 (동교동166-6번지) | G37: 6 | H37: 1104 | I37: =G37-J37 -> 0 | J37: 6 | K37: 4 | L37: 0 | M37: 0 | N37: ~ | O37: 1544-8855 | P37: www.lottecinema.co.kr | Q37: 39448
A38: 37 | B38: 서울시 | C38: 마포구 | D38: 시네마상상마당 | E38: ~ | F38: 마포구 어울마당로 65 지하4층 (서교동 367-5) | G38: 1 | H38: 77 | I38: =G38-J38 -> 0 | J38: 1 | K38: 0 | L38: 0 | M38: 0 | N38: ~ | O38: 330-6200 | P38: cinema.sangsangmadang.com | Q38: 2007-09-00
A39: 38 | B39: 서울시 | C39: 서대문구 | D39: CGV 신촌아트레온 | E39: 직영 | F39: 서대문구 신촌로 129, 2층 (창천동 20-24, 20-25) | G39: 9 | H39: 1468 | I39: 0 | J39: 9 | K39: 5 | L39: 0 | M39: 1 | N39: 4DX, CGV 아트하우스, Premium, ScreenX | O39: 1544-1122 | P39: www.cgv.co.kr | Q39: 41445 | R39: (구)아트레온
A40: 39 | B40: 서울시 | C40: 서대문구 | D40: 메가박스 신촌 | E40: 직영 | F40: 서대문구 신촌역로 30 밀리오레 5층 (신촌동 74-12) | G40: 8 | H40: 1541 | I40: =G40-J40 -> 0 | J40: 8 | K40: 2 | L40: 0 | M40: 0 | N40: 1관 M관 | O40: 1544-0070 | P40: www.megabox.co.kr | Q40: 38982
A41: 40 | B41: 서울시 | C41: 서대문구 | D41: 아트하우스모모 | E41: ~ | F41: 서대문구 이화여대길 52 이화여자대학교 ECC 402-4 (대현동) | G41: 2 | H41: 276 | I41: 0 | J41: 2 | K41: 1 | L41: 0 | M41: 0 | N41: ~ | O41: 747-7782 | P41: www.cineart.co.kr | Q41: 39713 | R41: 메가박스 전산망 사용
A42: 41 | B42: 서울시 | C42: 서대문구 | D42: 필름포럼 | E42: ~ | F42: 서대문구 성산로 527 지하1층 (대신동 85-1 하늬솔빌딩) | G42: 2 | H42: 138 | I42: 0 | J42: 2 | K42: 0 | L42: 0 | M42: 0 | N42: ~ | O42: 764-4231 | P42: cafe.naver.com/filmforum | Q42: 38443 | R42: 2007년 4월 이전 개관 / 2관 HDV 상영
A43: 42 | B43: 서울시 | C43: 서초구 | D43: 메가박스 강남 | E43: 직영 | F43: 서초구 서초대로 77길 3 아라타워 8층 (서초동 1317-20) | G43: 7 | H43: 924 | I43: =G43-J43 -> 0 | J43: 7 | K43: 4 | L43: 0 | M43: 0 | N43: ~ | O43: 1544-0070 | P43: www.megabox.co.kr | Q43: 38344
A44: 43 | B44: 서울시 | C44: 서초구 | D44: 메가박스 센트럴 | E44: 위탁 | F44: 서초구 신반포로 176 센트럴시티빌딩 지하1층 (반포동 19-3) | G44: 6 | H44: 1158 | I44: 0 | J44: 6 | K44: 3 | L44: 0 | M44: 0 | N44: ~ | O44: 1544-0070 | P44: www.megabox.co.kr | Q44: 38306 | R44: 7,8관 폐관(2014.12.9)
A45: 44 | B45: 서울시 | C45: 성동구 | D45: CGV 왕십리 | E45: 직영 | F45: 성동구 왕십리광장로 17, 5층 (행당동 왕십리 민자역사 4층~6층) | G45: 10 | H45: 1846 | I45: =G45-J45 -> 0 | J45: 10 | K45: 7 | L45: 1 | M45: 1 | N45: 4DX, IMAX,골드클래스, Sweetbox, ScreenX, Veatbox | O45: 1544-1122 | P45: www.cgv.co.kr | Q45: 39806
A46: 45 | B46: 서울시 | C46: 성북구 | D46: CGV 성신여대입구 | E46: 위탁 | F46: 성북구 동소문로 106, 10~12층 (동선동 1가 1-2 10층~12층) | G46: 5 | H46: 906 | I46: =G46-J46 -> 0 | J46: 5 | K46: 3 | L46: 0 | M46: 0 | N46: Sweetbox | O46: 1544-1122 | P46: www.cgv.co.kr | Q46: 39701
A47: 46 | B47: 서울시 | C47: 성북구 | D47: KU 시네마트랩 | E47: ~ | F47: 성북구 안암로 145 고려대미디어관4층 | G47: 1 | H47: 142 | I47: 0 | J47: 1 | K47: 0 | L47: 0 | M47: 0 | N47: ~ | O47: 924-6579 | P47: café.naver.com/kucinematrap | Q47: 40949
A48: 47 | B48: 서울시 | C48: 성북구 | D48: 아리랑시네미디어센터 | E48: ~ | F48: 성북구 아리랑로 82 (돈암동 538-98) | G48: 3 | H48: 473 | I48: 0 | J48: 3 | K48: 0 | L48: 0 | M48: 0 | N48: 3관 영화진흥위원회 독립영화전용관 | O48: 3291-5540 | P48: cine.arirang.go.kr | Q48: 2004-05-01 | R48: 2014.3.29 재개관
A49: 48 | B49: 서울시 | C49: 송파구 | D49: CGV 송파 | E49: 직영 | F49: 송파구 충민로 66, 10층 (장지동 201-27 가든파이브 라이프 영관 10층) | G49: 7 | H49: 1218 | I49: =G49-J49 -> 0 | J49: 7 | K49: 5 | L49: 0 | M49: 1 | N49: 4DX, Sweetbox, ScreenX, Veatbox | O49: 1544-1122 | P49: www.cgv.co.kr | Q49: 39932
A50: 49 | B50: 서울시 | C50: 양천구 | D50: CGV 목동 | E50: 직영 | F50: 양천구 목동로 257, 지하2층 (목동 916 현대백화점 지하2층) | G50: 8 | H50: 1372 | I50: =G50-J50 -> 0 | J50: 8 | K50: 4 | L50: 0 | M50: 0 | N50: Sweetbox, Veatbox, ScreenX | O50: 1544-1122 | P50: www.cgv.co.kr | Q50: 37499
A51: 50 | B51: 서울시 | C51: 양천구 | D51: 메가박스 목동 | E51: 직영 | F51: 양천구 목동동로 309 행복한세상백화점 6층 (목동 917-6) | G51: 9 | H51: 1497 | I51: =G51-J51 -> 0 | J51: 9 | K51: 4 | L51: 0 | M51: 0 | N51: Table M관, M2 | O51: 1544-0070 | P51: www.megabox.co.kr | Q51: 38834
A52: 51 | B52: 서울시 | C52: 영등포구 | D52: CGV 여의도 | E52: 직영 | F52: 영등포구 국제금융로 10, 지하3층 (여의도동 국제금융로 10) | G52: 9 | H52: 1313 | I52: 0 | J52: 9 | K52: 7 | L52: 0 | M52: 1 | N52: Premium, 4DX, CGV 아트하우스, ScreenX, SoundX, Veatbox | O52: 1544-1122 | P52: www.cgv.co.kr | Q52: 41151
A53: 52 | B53: 서울시 | C53: 영등포구 | D53: CGV 영등포 | E53: 직영 | F53: 영등포구 영산로 15, 4층 (영등포동 4가 441-10번지 경방 타임스퀘어 4~7층) | G53: 11 | H53: 2364 | I53: =G53-J53 -> 0 | J53: 11 | K53: 6 | L53: 0 | M53: 1 | N53: 4DX, Gold Class, STARIUM, Sweetbox, ScreenX, SoundX | O53: 1544-1122 | P53: www.cgv.co.kr | Q53: 39345
A54: 53 | B54: 서울시 | C54: 영등포구 | D54: 롯데시네마 영등포 | E54: 직영 | F54: 영등포구 경인로 102길 13 (영등포동 618-496) | G54: 7 | H54: 1328 | I54: =G54-J54 -> 0 | J54: 7 | K54: 6 | L54: 0 | M54: 0 | N54: ~ | O54: 1544-8855 | P54: www.lottecinema.co.kr | Q54: 38471
A55: 54 | B55: 서울시 | C55: 용산구 | D55: CGV 용산 | E55: 직영 | F55: 용산구 한강대로 23길 55, 6층 (한강로 3가 40-1 용산민자역사 6층) | G55: 11 | H55: 2215 | I55: =G55-J55 -> 0 | J55: 11 | K55: 5 | L55: 1 | M55: 1 | N55: 4DX, IMAX, Gold Class, Sweetbox, ScreenX, Veatbox | O55: 1544-1122 | P55: www.cgv.co.kr | Q55: 38268
A56: 55 | B56: 서울시 | C56: 용산구 | D56: 롯데시네마 용산(전자랜드) | E56: 직영 | F56: 용산구 청파로 3가 74 용산전자랜드 4~5층 (한강로 3가 16-9) | G56: 8 | H56: 1468 | I56: 0 | J56: 8 | K56: 5 | L56: 0 | M56: 0 | N56: ~ | O56: 1544-8855 | P56: www.lottecinema.co.kr | Q56: 41487
A57: 56 | B57: 서울시 | C57: 은평구 | D57: CGV 불광 | E57: 위탁 | F57: 은평구 불광로 20, 11층 (대조동 14-24 팜스퀘어 11층) | G57: 9 | H57: 1480 | I57: =G57-J57 -> 0 | J57: 9 | K57: 3 | L57: 0 | M57: 0 | N57: Sweetbox | O57: 1544-1122 | P57: www.cgv.co.kr | Q57: 38528
A58: 57 | B58: 서울시 | C58: 은평구 | D58: 메가박스 은평 | E58: 위탁 | F58: 은평구 통일로 830 파레제페 5층 (불광2동 304-2) | G58: 6 | H58: 711 | I58: 0 | J58: 6 | K58: 2 | L58: 0 | M58: 0 | N58: ~ | O58: 1544-0070 | P58: www.megabox.co.kr | Q58: 40118
A59: 58 | B59: 서울시 | C59: 은평구 | D59: 청춘극장 | E59: ~ | F59: 은평구 통일로 830, 8층 (불광동 304-2 파레제페8층) | G59: 1 | H59: 260 | I59: 0 | J59: 1 | K59: 0 | L59: 0 | M59: 0 | N59: ~ | O59: 2231-8869 | P59: café.naver.com/seoulsilvercinema | Q59: 40453 | R59: 마포구에서 이전/ 1개관
A60: 59 | B60: 서울시 | C60: 종로구 | D60: CGV 대학로 | E60: 직영 | F60: 종로구 대명길 (명륜동 2가 41-9) | G60: 8 | H60: 1184 | I60: =G60-J60 -> 0 | J60: 8 | K60: 3 | L60: 0 | M60: 0 | N60: CGV 아트하우스, Veatbox | O60: 1544-1122 | P60: www.cgv.co.kr | Q60: 39283
A61: 60 | B61: 서울시 | C61: 종로구 | D61: 롯데시네마 피카디리(종로) | E61: 위탁 | F61: 종로구 돈화문로 5가길 1 (돈의동 137) | G61: 8 | H61: 1459 | I61: =G61-J61 -> 0 | J61: 8 | K61: 4 | L61: 0 | M61: 0 | N61: ~ | O61: 1544-8855 | P61: www.lottecinema.co.kr | Q61: 39259
A62: 61 | B62: 서울시 | C62: 종로구 | D62: 서울극장 | E62: ~ | F62: 종로구 돈화문로 13 (관수동 59-7) | G62: 10 | H62: 2379 | I62: 0 | J62: 10 | K62: 2 | L62: 0 | M62: 0 | N62: ~ | O62: 2277-3014 | P62: www.seoulcinema.com | Q62: 1997-07-00 | R62: 1관 폐관
A63: 62 | B63: 서울시 | C63: 종로구 | D63: 서울아트시네마 | E63: ~ | F63: 종로구 삼일대로 428 낙원상가 4층 (낙원동 284-6) | G63: 1 | H63: 286 | I63: =G63-J63 -> 0 | J63: 1 | K63: 0 | L63: 0 | M63: 0 | N63: ~ | O63: 741-9782 | P63: www.cinematheque.seoul.kr | Q63: 37386
A64: 63 | B64: 서울시 | C64: 종로구 | D64: 씨네코드 선재 | E64: ~ | F64: 종로구 율곡로 3길 87 (소격동 144-2) | G64: 1 | H64: 238 | I64: 0 | J64: 1 | K64: 0 | L64: 0 | M64: 0 | N64: ~ | O64: 730-3200 | P64: cafe.naver.com/artsonjearthall | Q64: 39779
A65: 64 | B65: 서울시 | C65: 종로구 | D65: 씨네큐브광화문 | E65: ~ | F65: 종로구 새문안로 68 지하2층 (신문로1가 흥국생명빌딩) | G65: 2 | H65: 365 | I65: 0 | J65: 2 | K65: 0 | L65: 0 | M65: 0 | N65: ~ | O65: 2002-7770 | P65: www.cineart.co.kr | Q65: 2000-12-00 | R65: 메가박스 전산망 사용/HDV캠 대여상영가능
A66: 65 | B66: 서울시 | C66: 종로구 | D66: 인디스페이스 | E66: ~ | F66: 종로구 경희궁1길 1 가든플레이스 2층 (신문로2가 1-153) | G66: 1 | H66: 110 | I66: =G66-J66 -> 0 | J66: 1 | K66: 0 | L66: 0 | M66: 0 | N66: ~ | O66: 738-0366 | P66: café.naver.com/indiespace | Q66: 39067 | R66: (구)미로스페이스
A67: 66 | B67: 서울시 | C67: 종로구 | D67: 허리우드 클래식 | E67: ~ | F67: 종로구 삼일대로 428, 4층 (낙원동 284-6 낙원상가 4층) | G67: 1 | H67: 300 | I67: =G67-J67 -> 0 | J67: 1 | K67: 0 | L67: 0 | M67: 0 | N67: ~ | O67: 3672-4233 | Q67: 39539 | R67: (구)허리우드 극장
A68: 67 | B68: 서울시 | C68: 중구 | D68: CGV 명동 | E68: 직영 | F68: 중구 명동길 14 (명동2가 83-5번지 눈스퀘어 8층) | G68: 5 | H68: 736 | I68: =G68-J68 -> 0 | J68: 5 | K68: 4 | L68: 0 | M68: 0 | N68: Sweetbox, Veatbox | O68: 1544-1122 | P68: www.cgv.co.kr | Q68: 37248
A69: 68 | B69: 서울시 | C69: 중구 | D69: CGV 명동역 | E69: 직영 | F69: 중구 퇴계로 123 (충무로2가65-9 하이해리엇 10, 11층) | G69: 6 | H69: 876 | I69: =G69-J69 -> 0 | J69: 6 | K69: 3 | L69: 0 | M69: 0 | N69: Sweetbox, Veatbox | O69: 1544-1122 | P69: www.cgv.co.kr | Q69: 38814 | R69: 씨너스명동->CGV명동역 변경 (2010. 8.19)
A70: 69 | B70: 서울시 | C70: 중구 | D70: 대한극장 | E70: ~ | F70: 중구 퇴계로 212 (충무로 4가 125) | G70: 11 | H70: 2754 | I70: 0 | J70: 11 | K70: 2 | L70: 0 | M70: 0 | N70: ~ | O70: 3393-3500 | P70: www.daehancinema.com | Q70: 37240
A71: 70 | B71: 서울시 | C71: 중구 | D71: 롯데시네마 에비뉴엘(명동) | E71: 직영 | F71: 중구 남대문로 2가 130 (소공동 에비뉴엘 6층, 7층) | G71: 5 | H71: 646 | I71: =G71-J71 -> 0 | J71: 5 | K71: 5 | L71: 0 | M71: 0 | N71: 4관 샤롯데 | O71: 1544-8855 | P71: www.lottecinema.co.kr | Q71: 38436
A72: 71 | B72: 서울시 | C72: 중구 | D72: 롯데시네마 황학 | E72: 직영 | F72: 중구 청계천로 400 (황학동 롯데캐슬배니치아 1층) | G72: 2 | H72: 118 | I72: 0 | J72: 2 | K72: 2 | L72: 0 | M72: 0 | N72: ~ | O72: 1544-8855 | P72: www.lottecinema.co.kr | Q72: 41109
A73: 72 | B73: 서울시 | C73: 중구 | D73: 메가박스 동대문 | E73: 직영 | F73: 중구 장충단로 247 굿모닝시티 9층 (을지로 6가 21번지) | G73: 8 | H73: 1596 | I73: =G73-J73 -> 0 | J73: 8 | K73: 2 | L73: 0 | M73: 0 | N73: 1관 M관 | O73: 1544-0070 | P73: www.megabox.co.kr | Q73: 39702
A74: 73 | B74: 서울시 | C74: 중구 | D74: 메가박스 동대문 | E74: ~ | F74: 중구 소파로 126 (예장동 8-145) | G74: 1 | H74: 179 | I74: 0 | J74: 1 | K74: 0 | L74: 0 | M74: 0 | N74: ~ | O74: 3455-8342 | P74: cinema.ani.seoul.kr | Q74: 2005-01-20
A75: 74 | B75: 서울시 | C75: 중구 | D75: 스폰지하우스 (광화문) | E75: ~ | F75: 중구 세종대로 21길 40 씨스퀘어빌딩 1층 (태평로1가 61-21) | G75: 1 | H75: 76 | I75: =G75-J75 -> 0 | J75: 1 | K75: 0 | L75: 0 | M75: 0 | N75: ~ | O75: 2285-2102 | P75: www.spongehouse.com | Q75: 39429
A76: 75 | B76: 서울시 | C76: 중구 | D76: 실버극장 | E76: ~ | F76: 중구 마른내로 47 (초동 18-5 명보아트홀) | G76: 1 | H76: 226 | I76: 0 | J76: 1 | K76: 0 | L76: 0 | M76: 0 | N76: ~ | O76: 489-2807 | Q76: 41395
A77: 76 | B77: 서울시 | C77: 중랑구 | D77: 메가박스 상봉 | E77: 위탁 | F77: 중랑구 망우로 30길 3 (상봉동 130-3번지) | G77: 7 | H77: 939 | I77: 0 | J77: 7 | K77: 2 | L77: 0 | M77: 0 | N77: ~ | O77: 1544-0070 | P77: www.megabox.co.kr | Q77: 40087
A78: 77 | B78: 부산시 | C78: 금정구 | D78: CGV 부산대 | E78: 위탁 | F78: 금정구 장전로 12번길 55 (장전동 292-4) | G78: 7 | H78: 1094 | I78: =G78-J78 -> 0 | J78: 7 | K78: 2 | L78: 0 | M78: 0 | N78: ~ | O78: 1544-1122 | P78: www.cgv.co.kr | Q78: 40666
A79: 78 | B79: 부산시 | C79: 기장군 | D79: 롯데시네마 동부산 | E79: 직영 | F79: 기장군 기장해안로 147 동부산롯데몰 3층 | G79: 6 | H79: 1014 | I79: 0 | J79: 6 | K79: 2 | L79: 0 | M79: 0 | N79: ~ | O79: 1544-8855 | P79: www.lottecinema.co.kr | Q79: 41996
A80: 79 | B80: 부산시 | C80: 남구 | D80: CGV 대연 | E80: 직영 | F80: 남구 수영로 305, 5층 (대연동 73-15번지 스파크 5층) | G80: 8 | H80: 1065 | I80: =G80-J80 -> 0 | J80: 8 | K80: 4 | L80: 0 | M80: 0 | N80: Sweetbox, Veatbox | O80: 1544-1122 | P80: www.cgv.co.kr | Q80: 39337
A81: 80 | B81: 부산시 | C81: 남구 | D81: 국도예술관 | E81: ~ | F81: 남구 유엔평화로 70번길 23 (대연4동 965-2) | G81: 1 | H81: 143 | I81: 0 | J81: 1 | K81: 0 | L81: 0 | M81: 0 | N81: ~ | O81: 245-5441 | P81: cafe.naver.com/gukdo | Q81: 39633
A82: 81 | B82: 부산시 | C82: 동래구 | D82: CGV 동래 | E82: 직영 | F82: 동래구 중앙대로 1523, 6층 (온천동 153-8 SK허브스카이 6층) | G82: 9 | H82: 1631 | I82: =G82-J82 -> 0 | J82: 9 | K82: 4 | L82: 0 | M82: 0 | N82: Sweetbox, Veatbox | O82: 1544-1122 | P82: www.cgv.co.kr | Q82: 39015
A83: 82 | B83: 부산시 | C83: 동래구 | D83: 롯데시네마 동래 | E83: 직영 | F83: 동래구 중앙대로 1393 | G83: 9 | H83: 1466 | I83: =G83-J83 -> 0 | J83: 9 | K83: 6 | L83: 0 | M83: 0 | N83: 씨네커플 | O83: 1544-8855 | P83: www.lottecinema.co.kr | Q83: 39600
A84: 83 | B84: 부산시 | C84: 부산진구 | D84: CGV 대한 | E84: 직영 | F84: 부산진구 중앙대로 692번길 16, 4층 (부전동 199 대한프라자 4층) | G84: 4 | H84: 661 | I84: =G84-J84 -> 0 | J84: 4 | K84: 0 | L84: 0 | M84: 0 | N84: Sweetbox | O84: 1544-1122 | P84: www.cgv.co.kr | Q84: 36876
A85: 84 | B85: 부산시 | C85: 부산진구 | D85: CGV 서면 | E85: 직영 | F85: 부산진구 동천로 4, 6층 (전포동 892-20 지오플레이스 6층) | G85: 12 | H85: 2135 | I85: =G85-J85 -> 0 | J85: 12 | K85: 5 | L85: 1 | M85: 1 | N85: IMAX, CGV 아트하우스 | O85: 1544-1122 | P85: www.cgv.co.kr | Q85: 36677
A86: 85 | B86: 부산시 | C86: 부산진구 | D86: 롯데시네마 부산본점(백화점) | E86: 직영 | F86: 부산진구 가야대로 772 롯데백화점 10층 (부전동 503-15) | G86: 11 | H86: 1928 | I86: =G86-J86 -> 0 | J86: 11 | K86: 9 | L86: 0 | M86: 0 | N86: 수퍼사운드, 씨네커플 | O86: 1544-8855 | P86: www.lottecinema.co.kr | Q86: 37058
A87: 86 | B87: 부산시 | C87: 부산진구 | D87: 롯데시네마 서면(디시티) | E87: 직영 | F87: 부산진구 동천로 92, 6층 (전포동 668-1번지) | G87: 7 | H87: 1409 | I87: =G87-J87 -> 0 | J87: 7 | K87: 2 | L87: 0 | M87: 0 | N87: ~ | O87: 1544-8855 | P87: www.lottecinema.co.kr | Q87: 40422
A88: 87 | B88: 부산시 | C88: 부산진구 | D88: 메가박스 서면 | E88: 위탁 | F88: 부산진구 서면로 39 효성엑센시티 8층 (부전동 521-1) | G88: 6 | H88: 812 | I88: =G88-J88 -> 0 | J88: 6 | K88: 3 | L88: 0 | M88: 0 | N88: ~ | O88: 1544-0070 | P88: www.megabox.co.kr | Q88: 38960
A89: 88 | B89: 부산시 | C89: 북구 | D89: CGV 화명 | E89: 직영 | F89: 북구 화명대로 16 (화명동 2275-1 센추리빌딩) | G89: 9 | H89: 846 | I89: 0 | J89: 9 | K89: 2 | L89: 0 | M89: 0 | N89: ~ | O89: 1544-1122 | P89: www.cgv.co.kr | Q89: 37729 | R89: (구)프리머스 화명
A90: 89 | B90: 부산시 | C90: 북구 | D90: 메가박스 덕천 | E90: 위탁 | F90: 북구 만덕대로 23 뉴코아아울렛 7~10층 | G90: 9 | H90: 1180 | I90: 0 | J90: 9 | K90: 1 | L90: 0 | M90: 0 | N90: Table M관 | O90: 1544-0070 | P90: www.megabox.co.kr | Q90: 41393 | R90: (구)프리머스 덕천
A91: 90 | B91: 부산시 | C91: 사상구 | D91: 롯데시네마 사상(애플아울렛) | E91: 직영 | F91: 사상구 사상로 201 애플아울렛 본관 3~4층 (괘법동 533-1) | G91: 7 | H91: 1520 | I91: =G91-J91 -> 0 | J91: 7 | K91: 5 | L91: 0 | M91: 0 | N91: ~ | O91: 1544-8855 | P91: www.lottecinema.co.kr | Q91: 38365
A92: 91 | B92: 부산시 | C92: 연제구 | D92: CGV 아시아드 | E92: 직영 | F92: 연제구 종합운동장로 7 (거제2동 1208번지 홈플러스) | G92: 8 | H92: 1315 | I92: =G92-J92 -> 0 | J92: 8 | K92: 3 | L92: 0 | M92: 0 | N92: ~ | O92: 1544-1122 | P92: www.cgv.co.kr | Q92: 38004 | R92: 09년 3월 CGV 아시아드로 상호변경
A93: 92 | B93: 부산시 | C93: 중구 | D93: CGV 남포 | E93: 위탁 | F93: 중구 비프광장로 18 (남포동 6가 92-1 국도타운 6층) | G93: 2 | H93: 516 | I93: 0 | J93: 2 | K93: 0 | L93: 0 | M93: 0 | N93: ~ | O93: 1544-1122 | P93: www.cgv.co.kr | Q93: 37205
A94: 93 | B94: 부산시 | C94: 중구 | D94: 대영시네마 | E94: ~ | F94: 중구 비프광장로 37 (남포동 5가 12-1) | G94: 8 | H94: 1802 | I94: 0 | J94: 8 | K94: 2 | L94: 0 | M94: 0 | N94: ~ | O94: 247-1384 | P94: www.daeyoungcinema.com | Q94: 36357
A95: 94 | B95: 부산시 | C95: 중구 | D95: 메가박스 부산극장 | E95: 위탁 | F95: 중구 비프광장로 36 (남포동 5가 18) | G95: 8 | H95: 2264 | I95: =G95-J95 -> 0 | J95: 8 | K95: 2 | L95: 0 | M95: 0 | N95: ~ | O95: 1544-0070 | P95: www.megabox.co.kr | Q95: 39055 | R95: (구)부산극장
A96: 95 | B96: 부산시 | C96: 중구 | D96: 아트씨어터 씨앤씨 | E96: ~ | F96: 중구 중구로 71 가톨릭센터 1층 (대청동4가 81-1) | G96: 1 | H96: 200 | I96: 0 | J96: 1 | K96: 0 | L96: 0 | M96: 0 | N96: ~ | O96: 442-0602 | P96: cafe.naver.com/cnctheater
A97: 96 | B97: 부산시 | C97: 중구 | D97: 롯데시네마 광복 | E97: 직영 | F97: 중구 중앙대로 2 마트/시네마동 9층 | G97: 11 | H97: 2409 | I97: 0 | J97: 11 | K97: 6 | L97: 0 | M97: 1 | N97: 샤롯데, 씨네커플, 수퍼플렉스, 수퍼4D, 씨네비즈 | O97: 1544-8855 | P97: www.lottecinema.co.kr | Q97: 41879
A98: 97 | B98: 부산시 | C98: 해운대구 | D98: CGV 센텀시티 | E98: 직영 | F98: 부산 해운대구 센텀남대로 35, 7층 (우동 1495번지 신세계센텀시티 7층) | G98: 10 | H98: 2093 | I98: 0 | J98: 10 | K98: 5 | L98: 0 | M98: 1 | N98: 4DX, STARIUM, Cine de Chef, 4DX, ScreenX, CGV 아트하우스 | O98: 1544-1122 | P98: www.cgv.co.kr | Q98: 39875
A99: 98 | B99: 부산시 | C99: 해운대구 | D99: 롯데시네마 센텀시티(백화점) | E99: 직영 | F99: 해운대구 센텀남대로 50 롯데백화점 8층 (우동 센텀시티 1496) | G99: 10 | H99: 1755 | I99: =G99-J99 -> 0 | J99: 10 | K99: 6 | L99: 0 | M99: 0 | N99: 1관 샤롯데, 8관 아르떼 | O99: 1544-8855 | P99: www.lottecinema.co.kr | Q99: 39423
A100: 99 | B100: 부산시 | C100: 해운대구 | D100: 롯데시네마 해운대 | E100: 위탁 | F100: 해운대구 해운대로 802, 7층 | G100: 10 | H100: 1688 | I100: 0 | J100: 10 | K100: 2 | L100: 0 | M100: 0 | N100: ~ | O100: 1544-8855 | P100: www.lottecinema.co.kr | Q100: 41639 | R100: (구)프리머스 해운대
...

Sheet 시군구별
A1: 2014년 광역/기초자치단체별 주민등록기준 인구수 및 영화관 분포 현황
B2: (영화관 없는 기초자치단체)
A3: 행정구역(시군구)별 | B3: 총인구수 (명) | C3: 남자 인구수 (명) | D3: 여자 인구수 (명) | E3: 극장개수 | F3: 스크린개수 | G3: 좌석수 | H3: 극장명(열거)
A4: 전국 | B4: 51327916 | C4: 25669296 | D4: 25658620 | E4: =SUM(E31,E5,E48,E57,E68,E74,E80,E86,E88,E140,E159,E175,E193,E210,E233,E259,E283) -> 356 | F4: =SUM(F31,F5,F48,F57,F68,F74,F80,F86,F88,F140,F159,F175,F193,F210,F233,F259,F283) -> 2281 | G4: =SUM(G31,G5,G48,G57,G68,G74,G80,G86,G88,G140,G159,G175,G193,G210,G233,G259,G283) -> 372361
A5: 서울특별시 | B5: 10103233 | C5: 4979768 | D5: 5123465 | E5: =SUM(E6:E30) -> 76 | F5: =SUM(F6:F30) -> 469 | G5: =SUM(G6:G30) -> 80334
A6: 종로구 | B6: 156993 | C6: 77621 | D6: 79372 | E6: 8 | F6: 32 | G6: 6321 | H6: CGV 대학로, 롯데시네마 피카디리(종로), 서울극장, 서울아트시네마, 씨네코드 선재, 씨네큐브광화문, 인디스페이스, 허리우드 클래식
A7: 중구 | B7: 128065 | C7: 64033 | D7: 64032 | E7: 9 | F7: 40 | G7: 7207 | H7: CGV 명동, CGV 명동역, 대한극장, 롯데시네마 에비뉴엘(명동), 롯데시네마 황학, 메가박스 동대문, 서울애니시네마, 스폰지하우스(광화문), 실버극장
A8: 용산구 | B8: 235951 | C8: 114578 | D8: 121373 | E8: 2 | F8: 19 | G8: 3683 | H8: CGV 용산, 롯데시네마 용산(전자랜드)
A9: 성동구 | B9: 296086 | C9: 147363 | D9: 148723 | E9: 1 | F9: 10 | G9: 1846 | H9: CGV 왕십리
A10: 광진구 | B10: 363354 | C10: 178738 | D10: 184616 | E10: 4 | F10: 33 | G10: 5146 | H10: CGV 강변, CGV 군자, KU 시네마테크, 롯데시네마 건대입구
A11: 동대문구 | B11: 363687 | C11: 182510 | D11: 181177 | E11: 2 | F11: 15 | G11: 2762 | H11: 롯데시네마 장안, 롯데시네마 청량리
A12: 중랑구 | B12: 418836 | C12: 209323 | D12: 209513 | E12: 1 | F12: 7 | G12: 939 | H12: 메가박스 상봉
A13: 성북구 | B13: 466706 | C13: 229205 | D13: 237501 | E13: 3 | F13: 9 | G13: 1521 | H13: CGV 성신여대입구, KU 시네마트랩, 아리랑시네미디어센터
A14: 강북구 | B14: 335025 | C14: 165223 | D14: 169802 | E14: 2 | F14: 15 | G14: 1888 | H14: CGV 미아, 메가박스 수유
A15: 도봉구 | B15: 353709 | C15: 174554 | D15: 179155 | E15: - | F15: - | G15: - | H15: -
A16: 노원구 | B16: 582552 | C16: 284225 | D16: 298327 | E16: 3 | F16: 21 | G16: 3854 | H16: CGV 중계, CGV 하계, 롯데시네마 노원
A17: 은평구 | B17: 498644 | C17: 243977 | D17: 254667 | E17: 3 | F17: 16 | G17: 2451 | H17: CGV 불광, 메가박스 은평, 청춘극장
A18: 서대문구 | B18: 310376 | C18: 151338 | D18: 159038 | E18: 4 | F18: 21 | G18: 3423 | H18: CGV 신촌아트레온, 메가박스 신촌, 아트하우스모모, 필름포럼
A19: 마포구 | B19: 385439 | C19: 186177 | D19: 199262 | E19: 6 | F19: 29 | G19: 4658 | H19: CGV 상암, CGV 홍대, 롯데시네마 누리꿈(상암), 롯데시네마 합정, 롯데시네마 홍대입구, 시네마상상마당
A20: 양천구 | B20: 486221 | C20: 241020 | D20: 245201 | E20: 2 | F20: 17 | G20: 2869 | H20: CGV 목동, 메가박스 목동
A21: 강서구 | B21: 585160 | C21: 286644 | D21: 298516 | E21: 1 | F21: 10 | G21: 2127 | H21: 롯데시네마 김포공항
A22: 구로구 | B22: 425831 | C22: 213213 | D22: 212618 | E22: 3 | F22: 25 | G22: 3853 | H22: CGV 구로, CGV 신도림, 롯데시네마 신도림(디큐브)
A23: 금천구 | B23: 238463 | C23: 121878 | D23: 116585 | E23: 2 | F23: 14 | G23: 2660 | H23: 롯데시네마 가산디지털, 롯데시네마 독산
A24: 영등포구 | B24: 382352 | C24: 191464 | D24: 190888 | E24: 3 | F24: 27 | G24: 5005 | H24: CGV 여의도, CGV 영등포, 롯데시네마 영등포
A25: 동작구 | B25: 407470 | C25: 200328 | D25: 207142 | E25: 2 | F25: 8 | G25: 966 | H25: 메가박스 이수, 아트나인
A26: 관악구 | B26: 513186 | C26: 259631 | D26: 253555 | E26: 2 | F26: 13 | G26: 2153 | H26: 롯데시네마 서울대입구, 롯데시네마 신림
A27: 서초구 | B27: 449678 | C27: 216740 | D27: 232938 | E27: 2 | F27: 13 | G27: 2082 | H27: 메가박스 강남, 메가박스 센트럴
... A30: 강동구 | B30: 476597 | C30: 237816 | D30: 238781 | E30: 2 | F30: 22 | G30: 3963 | H30: CGV 강동, 롯데시네마 강동
A31: 부산광역시 | B31: 3519401 | C31: 1740417 | D31: 1778984 | E31: =SUM(E32:E47) -> 26 | F31: =SUM(F32:F47) -> 193 | G31: =SUM(G32:G47) -> 34596
A32: 중구 | B32: 46737 | C32: 23013 | D32: 23724 | E32: 5 | F32: 30 | G32: 7191 | H32: CGV 남포, 대영시네마, 메가박스 부산극장, 아트씨어터 씨앤씨, 롯데시네마 광복
A33: 서구 | B33: 118115 | C33: 58190 | D33: 59925 | E33: - | F33: - | G33: - | H33: -
A34: 동구 | B34: 94565 | C34: 46952 | D34: 47613 | E34: - | F34: - | G34: - | H34: -
A35: 영도구 | B35: 132102 | C35: 65670 | D35: 66432 | E35: - | F35: - | G35: - | H35: -
A36: 부산진구 | B36: 387378 | C36: 190136 | D36: 197242 | E36: 5 | F36: 40 | G36: 6945 | H36: CGV 대한, CGV 서면, 롯데시네마 부산본점(백화점), 롯데시네마 서면(디시티), 메가박스 서면
A37: 동래구 | B37: 275971 | C37: 135902 | D37: 140069 | E37: 2 | F37: 18 | G37: 3097 | H37: CGV 동래, 롯데시네마 동래
A38: 남구 | B38: 286989 | C38: 141511 | D38: 145478 | E38: 2 | F38: 9 | G38: 1208 | H38: CGV 대연, 국도예술관
A39: 북구 | B39: 306974 | C39: 152895 | D39: 154079 | E39: 2 | F39: 18 | G39: 2026 | H39: CGV 화명, 메가박스 덕천
A40: 해운대구 | B40: 423531 | C40: 206336 | D40: 217195 | E40: 6 | F40: 50 | G40: 9186 | H40: CGV 센텀시티, 롯데시네마 센텀시티(백화점), 롯데시네마 해운대, 메가박스 장산, 메가박스 해운대, 영화의전당
A41: 사하구 | B41: 343371 | C41: 171769 | D41: 171602 | E41: - | F41: - | G41: - | H41: -
A42: 금정구 | B42: 249856 | C42: 123091 | D42: 126765 | E42: 1 | F42: 7 | G42: 1094 | H42: CGV 부산대
A43: 강서구 | B43: 79619 | C43: 41412 | D43: 38207 | E43: - | F43: - | G43: - | H43: -
A44: 연제구 | B44: 208012 | C44: 102403 | D44: 105609 | E44: 1 | F44: 8 | G44: 1315 | H44: CGV 아시아드
A45: 수영구 | B45: 178480 | C45: 85773 | D45: 92707 | E45: - | F45: - | G45: - | H45: -
A46: 사상구 | B46: 242953 | C46: 123783 | D46: 119170 | E46: 1 | F46: 7 | G46: 1520 | H46: 롯데시네마 사상(애플아울렛)
A47: 기장군 | B47: 144748 | C47: 71581 | D47: 73167 | E47: 1 | F47: 6 | G47: 1014 | H47: 롯데시네마 동부산
A48: 대구광역시 | B48: 2493264 | C48: 1241119 | D48: 1252145 | E48: =SUM(E49:E56) -> 20 | F48: =SUM(F49:F56) -> 132 | G48: =SUM(G49:G56) -> 21187
A49: 중구 | B49: 78812 | C49: 38444 | D49: 40368 | E49: 8 | F49: 50 | G49: 6949 | H49: CGV 대구, CGV 대구아카데미, CGV 대구한일, CGV 대구현대, MMC만경관, 동성아트홀, 롯데시네마 동성로, 그레이스실버영화관
A50: 동구 | B50: 347975 | C50: 173633 | D50: 174342 | E50: 2 | F50: 13 | G50: 2360 | H50: CGV 대구이시아, 롯데시네마 대구율하
A51: 서구 | B51: 210770 | C51: 106740 | D51: 104030 | E51: 1 | F51: 7 | G51: 1300 | H51: 롯데시네마 대구광장
A52: 남구 | B52: 163492 | C52: 79758 | D52: 83734 | E52: - | F52: - | G52: - | H52: -
A53: 북구 | B53: 444375 | C53: 222664 | D53: 221711 | E53: 5 | F53: 38 | G53: 6171 | H53: CGV 대구칠곡, 롯데시네마 대구, 롯데시네마 프리미엄, 메가박스 대구(칠성로), 메가박스 북대구(칠곡)
A54: 수성구 | B54: 456505 | C54: 223495 | D54: 233010 | E54: 3 | F54: 15 | G54: 2790 | H54: 시네마M, CGV 대구수성, CGV 대구스타디움
A55: 달서구 | B55: 606433 | C55: 301846 | D55: 304587 | E55: 1 | F55: 9 | G55: 1617 | H55: 롯데시네마 성서
A56: 달성군 | B56: 184902 | C56: 94539 | D56: 90363 | E56: - | F56: - | G56: - | H56: -
A57: 인천광역시 | B57: 2902608 | C57: 1459074 | D57: 1443534 | E57: =SUM(E58:E67) -> 19 | F57: =SUM(F58:F67) -> 124 | G57: =SUM(G58:G67) -> 19814
A58: 중구 | B58: 111929 | C58: 57889 | D58: 54040 | E58: 2 | F58: 7 | G58: 1054 | H58: CGV 인천공항, 애관극장
A59: 동구 | B59: 73978 | C59: 37354 | D59: 36624 | E59: 1 | F59: 1 | G59: 283 | H59: 추억극장 미림
A60: 남구 | B60: 408305 | C60: 206227 | D60: 202078 | E60: 4 | F60: 23 | G60: 3473 | H60: CGV 인천터미널, CGV 주안, 영화공간 주안, CGV 남주안
A61: 연수구 | B61: 310703 | C61: 155161 | D61: 155542 | E61: 2 | F61: 15 | G61: 2625 | H61: CGV 인천연수, 메가박스 연수
A62: 남동구 | B62: 514656 | C62: 256882 | D62: 257774 | E62: 3 | F62: 28 | G62: 5361 | H62: CGV 인천, CGV 인천논현, 롯데시네마 인천
A63: 부평구 | B63: 556992 | C63: 277916 | D63: 279076 | E63: 5 | F63: 36 | G63: 5175 | H63: CGV 부평, 대한극장, 롯데시네마 부평, 롯데시네마 부평역사, CGV 부평역
A64: 계양구 | B64: 339538 | C64: 170238 | D64: 169300 | E64: 1 | F64: 8 | G64: 1219 | H64: CGV 계양
A65: 서구 | B65: 498686 | C65: 252156 | D65: 246530 | E65: 1 | F65: 6 | G65: 624 | H65: 롯데시네마 검단
A66: 강화군 | B66: 67118 | C66: 33657 | D66: 33461 | E66: - | F66: - | G66: - | H66: -
A67: 옹진군 | B67: 20703 | C67: 11594 | D67: 9109 | E67: - | F67: - | G67: - | H67: -
A68: 광주광역시 | B68: 1475884 | C68: 731339 | D68: 744545 | E68: =SUM(E69:E73) -> 14 | F68: =SUM(F69:F73) -> 107 | G68: =SUM(G69:G73) -> 18145
A69: 동구 | B69: 100786 | C69: 50382 | D69: 50404 | E69: 5 | F69: 26 | G69: 4586 | H69: 광주극장, 광주영상복합문화관 G시네마, 롯데시네마 광주(롯데백화점), 메가박스 광주(충장로), 롯데시네마 충장로
A70: 서구 | B70: 310317 | C70: 152605 | D70: 157712 | E70: 3 | F70: 29 | G70: 5101 | H70: CGV 광주상무, CGV 광주터미널, 메가박스 콜롬버스 상무
A71: 남구 | B71: 219815 | C71: 106477 | D71: 113338 | E71: - | F71: - | G71: - | H71: -
A72: 북구 | B72: 447685 | C72: 222622 | D72: 225063 | E72: 2 | F72: 17 | G72: 2759 | H72: 메가박스 전대(광주), CGV 광주용봉
A73: 광산구 | B73: 397281 | C73: 199253 | D73: 198028 | E73: 4 | F73: 35 | G73: 5699 | H73: CGV 광주첨단, 롯데시네마 수완, 메가박스 첨단, 메가박스 콜롬버스 하남
A74: 대전광역시 | B74: 1531809 | C74: 766497 | D74: 765312 | E74: =SUM(E75:E79) -> 9 | F74: =SUM(F75:F79) -> 61 | G74: =SUM(G75:G79) -> 10782
A75: 동구 | B75: 245493 | C75: 124263 | D75: 121230 | E75: 4 | F75: 21 | G75: 3966 | H75: CGV 대전터미널, MCV 아카데미, 대전아트시네마, CGV 대전가오
A76: 중구 | B76: 261165 | C76: 129937 | D76: 131228 | E76: 1 | F76: 9 | G76: 1830 | H76: CGV 대전
A77: 서구 | B77: 496132 | C77: 244544 | D77: 251588 | E77: 3 | F77: 26 | G77: 4018 | H77: 롯데시네마 대전, 메가박스 대전, 롯데시네마 대전둔산
A78: 유성구 | B78: 327461 | C78: 165264 | D78: 162197 | E78: 1 | F78: 5 | G78: 968 | H78: CGV 유성노은
A79: 대덕구 | B79: 201558 | C79: 102489 | D79: 99069 | E79: - | F79: - | G79: - | H79: -
A80: 울산광역시 | B80: 1166377 | C80: 600904 | D80: 565473 | E80: =SUM(E81:E85) -> 5 | F80: =SUM(F81:F85) -> 37 | G80: =SUM(G81:G85) -> 6022
A81: 중구 | B81: 238825 | C81: 122178 | D81: 116647 | E81: 2 | F81: 15 | G81: 2105 | H81: 메가박스 울산, 롯데시네마 울산성남
A82: 남구 | B82: 347759 | C82: 177310 | D82: 170449 | E82: 2 | F82: 20 | G82: 3710 | H82: 롯데시네마 울산
A83: 동구 | B83: 176668 | C83: 93546 | D83: 83122 | E83: 1 | F83: 2 | G83: 207 | H83: 현대예술관
A84: 북구 | B84: 188733 | C84: 97540 | D84: 91193 | E84: - | F84: - | G84: - | H84: -
A85: 울주군 | B85: 214392 | C85: 110330 | D85: 104062 | E85: - | F85: - | G85: - | H85: -
A86: 세종특별자치시 | B86: 156125 | C86: 78862 | D86: 77263 | E86: 1 | F86: 5 | G86: 738
A87: 세종시 | B87: 156125 | C87: 78862 | D87: 77263 | E87: 1 | F87: 5 | G87: 738 | H87: 메가박스 세종
A88: 경기도 | B88: 12357830 | C88: 6219813 | D88: 6138017 | E88: =SUM(E89,E94,E98,E99,E102,E106,E107,E108,E109,E112,E116:E124,E128:E139) -> 81 | F88: =SUM(F89,F94,F98,F99,F102,F106,F107,F108,F109,F112,F116:F124,F128:F139) -> 515 | G88: =SUM(G89,G94,G98,G99,G102,G106,G107,G108,G109,G112,G116:G124,G128:G139) -> 80661
A89: 수원시 | B89: 1174228 | C89: 591384 | D89: 582844 | E89: =SUM(E90:E93) -> 7 | F89: =SUM(F90:F93) -> 52 | G89: =SUM(G90:G93) -> 10177 | H89: CGV 북수원, 메가박스 수원, 롯데시네마 수원, CGV 동수원, CGV 수원, 메가박스 수원남문, 메가박스 영통
A90: 장안구 | B90: 301196 | C90: 151415 | D90: 149781 | E90: 1 | F90: 8 | G90: 1268 | H90: CGV 북수원
A91: 권선구 | B91: 339835 | C91: 171360 | D91: 168475 | E91: 2 | F91: 13 | G91: 3045 | H91: 메가박스 수원, 롯데시네마 수원
A92: 팔달구 | B92: 203479 | C92: 102115 | D92: 101364 | E92: 3 | F92: 20 | G92: 4118 | H92: CGV 동수원, CGV 수원, 메가박스 수원남문
A93: 영통구 | B93: 329718 | C93: 166494 | D93: 163224 | E93: 1 | F93: 11 | G93: 1746 | H93: 메가박스 영통
A94: 성남시 | B94: 974608 | C94: 485207 | D94: 489401 | E94: =SUM(E95:E97) -> 6 | F94: =SUM(F95:F97) -> 40 | G94: =SUM(G95:G97) -> 5952 | H94: CGV 야탑, CGV 오리, 롯데시네마 성남, 롯데시네마 성남신흥, 메가박스 분당, CGV 서현
A95: 수정구 | B95: 223539 | C95: 114066 | D95: 109473 | E95: 1 | F95: 6 | G95: 1142 | H95: 롯데시네마 성남신흥
A96: 중원구 | B96: 251982 | C96: 127898 | D96: 124084 | E96: 1 | F96: 6 | G96: 667 | H96: 롯데시네마 성남신흥
A97: 분당구 | B97: 499087 | C97: 243243 | D97: 255844 | E97: 4 | F97: 28 | G97: 4143 | H97: CGV 야탑, CGV 오리, 메가박스 분당, CGV 서현
A98: 의정부시 | B98: 431112 | C98: 212947 | D98: 218165 | E98: 2 | F98: 17 | G98: 2805 | H98: CGV 의정부, CGV 의정부태흥
A99: 안양시 | B99: 600809 | C99: 299250 | D99: 301559 | E99: =SUM(E100:E101) -> 6 | F99: =SUM(F100:F101) -> 45 | G99: =SUM(G100:G101) -> 6316 | H99: CGV 안양, 롯데시네마 안양(안양역), CGV 평촌, 롯데시네마 평촌, CGV 범계, 롯데시네마 인덕원
A100: 만안구 | B100: 247315 | C100: 124536 | D100: 122779 | E100: 2 | F100: 15 | G100: 1968 | H100: CGV 안양, 롯데시네마 안양(안양역)
A101: 동안구 | B101: 353494 | C101: 174714 | D101: 178780 | E101: 4 | F101: 30 | G101: 4348 | H101: CGV 평촌, 롯데시네마 평촌, CGV 범계, 롯데시네마 인덕원
A102: 부천시 | B102: 855586 | C102: 428251 | D102: 427335 | E102: =SUM(E103:E104) -> 7 | F102: =SUM(F103:F104) -> 51 | G102: =SUM(G103:G104) -> 7744 | H102: CGV 부천, CGV 소풍, 롯데시네마 부천(신중동역), 롯데시네마 부천역, 한국만화영상진흥원, CGV 부천역, CGV 역곡
...

Sheet Sheet1
